Zona,Bairro
4,BOTAFOGO
4,HUMAITA
4,FLAMENGO
4,URCA
5,"COPACABANA"
5,LEME
7,TIJUCA
8,"ENGENHONOVO"
8,RIACHUELO
8,JACARÉ
8,"MARIA DAGRAÇA"
8,ROCHA
8,CACHAMBI
8,MEIER
8,"DELCASTILHO"
9,"BARRA DATIJUCA"
9,CAMORIM
9,"VARGEMGRANDE"
9,"VARGEMPEQUENA"
9,RECREIO
10,"ÁGUASANTA"
10,"CASCADURA"
10,"ENCANTADO"
10,PIEDADE
10,"QUINTINOBOCAIUVA"
10,"OSWALDOCRUZ"
10,MADUREIRA
14,"ENCANTADO"
14,"ENGENHODE DENTRO"
14,PIEDADE
14,"CASCADURA"
14,"QUINTINOBOCAIUVA"
14,"CAVALCANTI"
14,PILARES
14,ABOLIÇÃO
14,"TOMÁSCOELHO"
16,"COSMEVELHO"
16,"LARANJEIRAS"
16,"SANTATERESA"
16,CATETE
16,GLÓRIA
16,"BAIRRO DEFÁTIMA"
16,LAPA
16,CATUMBI
17,LEBLON
17,GÁVEA
17,IPANEMA
17,"COPACABANA"
17,LAGOA
21,RAMOS
21,"BONSUCESSO"
21,"TOMÁSCOELHO"
21,"ENGENHODA RAINHA"
21,INHAUMA
21,"TOMASCOELHO"
21,OLARIA
22,COLÉGIO
22,IRAJÁ
22,"VILA DAPENHA"
22,"PARQUECOLÚMBIA"
22,PAVUNA
22,ACARI
23,GUADALUPE
23,DEODORO
23,"MARECHALHERMES"
23,"BENTORIBEIRO"
23,"VILAMILITAR"
24,BANGU
24,"SENADORCAMARÁ"
24,REALENGO
24,"PADREMIGUEL"
25,"SANTACRUZ"
25,SEPETIBA
25,"PEDRA DEGUARATIBA"
25,GUARATIBA
25,"NOVASEPETIBA"
26,CENTRO
26,VILAGE
26,"DUASPEDRAS"
26,"CATARCIONE"
26,YPU
26,"CHACARADO PARAISO"
26,VILA NOVA
26,VILA AMÉLIA
26,BRAUNES
26,"SÃOGERALDO"
26,VARGINHA
26,CORDOEIRA
26,"JARDIMOUROPRETO"
26,"CORREGODANTAS"
26,"GRANJASPINELLI"
26,TINGLY
26,NOVA SUIÇA
26,"PONTE DASAUDADE"
27,CENTRO
27,"BAIRRO DALUZ"
27,FACULDADE
27,CALIFORNIA
27,"SANTAEUGENIA"
27,JUSCELINO
27,MOQUETA
27,K-11
27,JACUTINGA
27,VILA NOVA
28,CENTRO
28,LIMOEIRO
28,PALHAS
28,LIBERDADE
28,"BARÃO DEANGRA"
28,"CARVALHAIS"
28,"VIEIRACORTEZ"
28,"VILASALUTÁRIS"
28,JATOBÁ
28,SARDOAL
28,"SERTÃO DOCALIXTO"
28,"INCONFIDÊNCIA"
28,WERNECK
28,INEMA
28,"QUEIMASANGUE"
28,CAVARU
28,"PARQUEMORONE"
28,BELA VISTA
28,ELDORADO
29,"ALTO DASERRA"
29,CENTRO
29,MORIN
29,QUISSAMÃ
29,"CHÁCARAFLORA"
29,CAXAMBU
29,"ESTRADADASAUDADE"
29,"CORONELVEIGA"
29,"MOINHOPRETO"
29,"CASTELANEA"
29,SIMÉRIA
29,"DUARTESILVEIRA"
29,"INDEPENDENCIA"
29,"QUITANDINHA"
29,"SÃOSEBASTIÃO"
29,MOSELA
29,CAPELA
29,BINGEN
29,"VALPARAISO"
29,"FAZENDAINGLESA"
30,CENTRO
30,"CASAAMARELA"
30,"SANTANÉSIA"
30,ARROZAL
30,VARJÃO
30,JAQUEIRA
30,"RIBEIRÃODAS LAJES"
30,"PONTE DASLARANJEIRAS"
30,"ROSAMACHADO"
30,"SERRA DOMATOSO"
30,CACARIA
30,"ACAMPAMENTO DALIGHT"
30,"PARQUEMAYRA"
30,BNH
30,KM 09
30,SÃO JORGE
30,PALMEIRAS
30,CAIÇARA
31,CENTRO
31,"JARDIMJALISCO"
31,MANEJO
31,LAVAPÉS
31,"CIDADE DAALEGRIA"
31,ALEGRIA
31,"MORADA DACOLINA"
31,"CIDADEALEGRIA"
31,"SANTOAMARO"
31,"NOVALIBERDADE"
31,SURUBI
31,ITAPUCA
31,TOYOTA I
31,"NOVOSURUBI"
31,VICENTINA
31,"VILAJULIETA"
31,"MIRANTEDASAGULHAS"
31,ALVORADA
32,BASÍLIO
32,BELA VISTA
32,BOQUEIRÃO
32,CENTRO
32,LAVRAS
32,MATA
32,"PRAÇA B.LOPES"
32,"PRAÇACRUZEIRO"
32,"RIO DOOURO"
32,"PARQUEINDIANO"
32,RIO SECO
32,VERTENTE
32,"BOAESPERANÇA"
32,"NOVACIDADE"
32,"RIOVERMELHO"
34,CENTRO
34,SAPAL
34,SAO FELIX
34,FERREIRA
34,BALTAZAR
34,"SANTACRUZ"
34,SAO PEDRO
34,"MARANGATU"
34,"VERDESCAMPOS"
34,"MONTEALEGRE"
34,CAMPELO
34,"PARAOQUENA"
34,IBITIGUACU
34,DEZESSETE
34,"ARRAIALZINHO"
34,BOA NOVA
34,GLORIA
34,"SANTALUZIA"
34,SAO LUIZ
34,SALGUEIRO
34,"MANGUEIRAO"
35,"BARÃO DEMACAÚBAS"
35,CENTRO
35,"ERNESTOMACHADO"
35,"VILA DOSCOROADOS"
35,MONTESE
35,RECREIO
35,GRUMARIM
35,IPUCA
35,PENEDO
35,PUREZA
35,TABUA
35,"SANTACATARINA"
35,"BARROBRANCO"
35,COLÔNIA
35,ANGELIM
35,CAMBIASCA
35,LAJE
35,"VALÃO DOSMILAGRES"
35,"BOAESPERANÇA"
35,"BARRA DOMACACO"
36,CENTRO
36,BOAÇU
36,"BRASILÂNDIA"
36,MUTUA
36,"PORTO DOROSA"
36,"FAZENDADOSMINEIROS"
36,MUTUAPIRA
36,ITAOCA
36,"ESTRELADO NORTE"
36,"NOVACIDADE"
36,MUTUÁ
37,ATAFONA
37,GRUSSAI
37,CENTRO
37,"AGUAPRETA"
37,"MATOESCURO"
37,"ESTRADADA CORUJA"
37,CAZUMBA
37,PALACETE
37,PIPEIRAS
37,BARCELOS
37,DEGREDO
37,"CAMPO DEAREIA"
37,ACU
37,CHATUBA
37,CAJUEIRO
37,"CARRAPICHO"
38,AGRIÕES
38,"BARRA DOIMBUÍ"
38,ERMITAGE
38,"PIMENTEIRAS"
38,TIJUCA
38,VÁRZEA
38,PRATA
38,VILA MUQUI
38,"JARDIMPINHEIROS"
38,"QUEBRAFRASCOS"
38,"CORTAVENTO"
38,"ALBUQUERQUE"
38,CANOAS
38,"GRANJAFLORESTAL"
38,"PARQUE DOIMBUÍ"
38,POSSE
38,"FONTESANTA"
38,CALEME
38,FISCHER
38,FEO
40,CANTAGALO
40,CENTRO
40,"AFONSOARINOS"
40,"MONTSERRAT"
40,FABRICA
40,"FONSECAALMEIDA"
40,"MORRO DACTB"
40,GULF
40,GROTAO
40,"NOVANITERÓI"
41,"CARVALHEIRA"
41,CENTRO
41,"CENTENÁRIO"
41,RESIDÊNCIA
41,"BARÃO DEVASSOURAS"
41,"DEMÉTRIORIBEIRO"
41,ITAKAMOSI
41,"ESQUINA DAALEGRIA"
41,GRECCO
41,TINGUÁ
41,CANANÉIA
41,"ANDRADEPINTO"
41,"ANDRADECOSTA"
41,FERREIROS
41,PIRAUÍ
41,"CAPIMD'ANGOLA"
41,"MASSAMBARÁ"
41,IPIRANGA
41,POCINHOS
41,MADRUGA
41,MANCUSI
41,GLÓRIA
42,CENTRO
42,SÃO MIGUEL
42,"PONTEBERÇOT"
42,"SÃO JOSÉDORIBEIRÃO"
42,BANQUETE
42,DISTRITO
42,"CÓRREGODE SANTOANTONIO"
42,"BARRAALEGRE"
42,"RIBEIRÃODE SÃODOMINGOS"
42,"ALTO DESÃO JOSÉ"
42,VELOSO
42,"CAMPOBELO"
42,"BEM-TE-VIAMARELO"
42,"JARDIM BOAESPERANÇA"
42,MONNERAT
42,"VARGEMGRANDE"
42,HOLOFOTE
42,"FAZENDADO CAMPO"
43,LIBERDADE
43,CENTRO
43,BALNEARIO
43,SINDICATO
43,"VILA DAPRATA"
43,OURANIA
43,QUERENDO
43,"MORADA DOENGENHO"
45,CENTRO
45,ILHA
45,PURILÂNDIA
45,"SANTACLARA"
45,CAETÉ
45,BATE-PAU
45,"JOÃOFRANCISCOBRAZ"
45,"SANTOANTÔNIO"
45,CRISTO REI
48,CENTRO
48,"MARCO DACOSTA"
48,"PARQUEGUARARAPES"
48,VERA CRUZ
48,ARCÁDIA
48,"BARÃO DEJAVARI"
48,"CENTRO -GOV.PORTELA"
48,"RECREIO -GOV.PORTELA"
48,"ROSEIRAL -GOV.PORTELA"
48,CONRADO
48,"MANGUEIRAS"
48,PAES LEME
48,"LAGOA DASLONTRAS"
48,"VALE DASPRINCESAS"
48,ARCOZELO
48,"PEDRASRUIVAS"
48,PALMARES
48,BELA VISTA
48,MARAVILHA
48,COQUEIROS
48,CAPIVARA
48,POAIA
48,"CENTRO -AVELAR"
48,"GRANJACALIFÓRNIA- AVELAR"
48,"HORIZONTEAVELAR"
48,"VISTAALEGRE -AVELAR"
48,GOIABAL
48,PANTANAL
48,"FRANCISCOFRAGOSO"
49,"BOCA DOMATO"
49,"CAMPO DOPRADO"
49,CENTRO
49,"GANGURIDE BAIXO"
49,"PARQUESANTALUIZA"
49,"FARAO DECIMA"
49,FUNCHAL
49,JAPUIBA
49,MARUBAI
49,PAPUCAIA
49,"PARQUERIBEIRA"
49,GUAPIACU
49,AREAL
49,"SAO JOSEDA BOAMORTE"
49,VECCHI
49,QUIZANGA
49,"AGROBRASIL"
49,MATUMBO
49,CASTALIA
49,MARAPORA
49,"SAOFRANCISCODE ASSIS"
49,BOA VISTA
49,SETENTA
49,BOA SORTE
49,"VILA AGROBONANZA"
50,MATARUNA
50,CENTRO
50,"PROFESSOR SOUZA"
50,QUILOMBO
50,"BARRA DESAO JOAO"
50,"RIODOURADO"
50,"BOAESPERANCA"
50,"BAIRROINDUSTRIAL"
50,PALMITAL
50,"JARDIMAPARECIDA"
50,"PEIXEDOURADO II"
50,"ZONARURAL"
51,CENTRO
51,BOCAINA
51,GARAPA
51,VILA NOVA
51,"MACABUZINHO"
51,PORTO
51,PITEIRA
51,RHÓDIA
51,FEEM
51,"VILA SÃOJOSÉ"
51,"VILATAVARES"
51,"CURATO DESANTACATARINA"
51,USINA
51,CAPELINHA
51,BALANCÉ
51,"CALÇADINHA"
51,"VISCONDEDE IMBÉ"
51,"BARRA DOSPASSOS"
51,"MONTECAFÉ"
51,TAPERA
51,"SODRELÂNDIA"
51,"MARIAMENDONÇA"
51,LAGOINHA
51,"SERRA DASALMAS"
51,"PONTENOVA"
51,"PONTE DEZINCO"
52,CENTRO
52,"SANTOANTONIO"
52,"RODOLFOGONÇALVES"
52,IPERJ
52,LAVRINHAS
52,"RETIROPOÉTICO"
52,MANANCIAL
52,RETA
52,DOIS VALOS
52,"JARDIM DEALAH"
52,BARREIRA
52,"SÃOMANOEL"
52,"VOLTA DOUMBIGO"
54,CENTRO
54,"PRAIA DOSACO"
54,"SERRA DOPILOTO"
54,IBICUI
54,"CONCEICAODE JACAREI"
54,ITACURUÇÁ
54,MURIQUI
54,"PRAIAGRANDE"
54,JUNQUEIRA
55,CENTRO
55,FLAMENGO
55,"BARRA DEMARICÁ"
55,ITAPEBA
55,"MANOELRIBEIRO"
55,"PONTANEGRA"
55,BANANAL
55,UBATIBA
55,ESPRAIADO
55,"CORDEIRINHO"
55,LAGARTO
55,GUARATIBA
55,INOÃ
55,"SÃO JOSÉDOIMBASSAÍ"
55,SPAR
55,"RECANTODEITAIPUAÇU"
55,"JARDIMATLÂNTICOCENTRAL"
55,"JARDIMATLÂNTICO"
55,"ITAOCAIAVALLEY"
55,"PONTAGROSSA"
55,"MARQUÊSDE MARICÁ"
55,MUMBUCA
55,BARROCO
55,"CASSOROTIBA"
56,"FIM DOPONTO"
56,CENTRO
56,MORSING
56,"HUMBERTOANTUNES"
56,"MARTINSCOSTA"
56,"CINCOLAGOS"
56,"VILAMARIANA"
57,CENTRO
57,"PORTÃO DEFERRO II"
57,"PORTÃO DEFERRO III"
57,"PARQUE DAMANGUEIRA"
57,"PONTEBRANCA"
57,GRAÚNA
57,CORISCO
57,"PRAIAGRANDE"
57,PENHA
57,"CENTROHISTÓRICO"
57,CAMPINHO
57,MAMANGUÁ
57,"PARATY-MIRIM"
57,"PATRIMÔNIO"
57,TRINDADE
57,"MAMBUCABA"
57,TARITUBA
57,TAQUARI
57,FÁTIMA
57,"ILHA DASCOBRAS"
57,"BARRAGRANDE"
57,"LARANJEIRAS"
57,CAJAÍBA
57,"PARQUEIMPERIAL"
57,PANTANAL
57,SÃO ROQUE
57,PATITIBA
57,"VILA DOMPEDRO"
57,"PONTAGROSSA"
59,"BAIXOGRANDE"
59,"CAMPOREDONDO"
59,SÃO JOÃO
59,"PONTA DOAMBRÓSIO"
59,"PORTO DAALDEIA"
59,"PORTO DOCARRO"
59,"NOVA SÃOPEDRO"
59,ESTAÇÃO
59,SÃO JOSÉ
59,CENTRO
59,BOQUEIRÃO
59,"POÇOFUNDO"
59,ALECRIM
59,"TRÊSVENDAS"
59,"JARDIMSOLEDADE"
59,CRUZ
59,"BALNEÁRIOSÃO PEDRO"
59,"RUA DOFOGO"
59,RETIRO
59,"PARQUEARRUDA"
59,BALEIA
59,PRAIA LINDA
59,VINHATEIRO
59,"SÃOMATEUS"
59,"SAPEATIBAMIRIM"
59,BOTAFOGO
59,"BALNEÁRIODASCONCHAS"
59,"RECANTODO SOL"
59,MOSSORÓ
60,CENTRO
60,"VALAO DOBARRO"
60,IPITUNA
60,"ZONARURAL -TERCEIRODISTRITO"
60,"GUARANI-ZONARURAL-3oDISTRITO"
60,"ZONARURAL -SEGUNDODISTRITO"
60,IBIPEBA
60,"MINGUTA -ZONARURAL - 2oDISTRITO"
60,"RIBEIRÃOSANTÍSSIMO"
60,TRIUNFO
60,"AGULHADOS LEAIS"
60,"SANTOANTÔNIODO IMBÉ"
60,ALTO IMBÉ
60,"MANOEL DEMORAES"
60,"RENASCENÇA"
60,SOSSÊGO
60,"OSÓRIOBERSOT"
60,"PARQUEITAPORANGA"
60,BRINCO
60,"VILASAMPAIO"
61,"SAPUCAIA 1oDISTRITO"
61,"ANTA 2oDISTRITO"
61,"APARECIDA3o DISTRITO"
61,"JAMAPARÁ4o DISTRITO"
61,"PIÃO 5oDISTRITO"
62,BACAXÁ
62,BICUIBA
62,"BONSUCESSO"
62,"MADRESSILVA"
62,RIO MOLE
62,"RIO DEAREIA"
62,PALMITAL
62,ALVORADA
62,CENTRO
62,"SAMPAIOCORREA"
62,JACONÉ
62,"JARDIMIPITANGAS"
62,BOQUEIRÃO
62,"ÁGUABRANCA"
62,MOMBAÇA
62,"BARRANOVA"
62,VILATUR
62,"PORTO DAROÇA"
62,GRAVATÁ
62,ITAÚNA
62,"BAIRROJARDIM"
63,CENTRO
63,BOQUEIRÃO
63,"CESÁRIOALVIM"
63,IMBAÚ
63,"ALDEIAVELHA"
63,GAVIÕES
63,"BANANEIRAS"
63,CAJU
63,CAXITO
63,"CIDADENOVA"
64,CENTRO
64,BENFICA
64,CAMPINAS
64,"CAMPOLEAL"
64,"DONAMARIANA"
64,MURINELI
64,"SANTOANDRÉ"
64,"SOLEDADEII"
64,SOLEDADE I
64,DUAS IRMÃS
64,ASA NORTE
64,"VENDA DAPONTE"
64,"VALE DOSPINHEIROS"
64,"SÃOLOURENÇO"
65,CENTRO
65,RETIRO
65,ITAMARATI
65,"CASCATINHA"
65,"ESTRADADASAUDADE"
65,"CARANGOLA"
65,CORREAS
65,NOGUEIRA
65,ROSEIRAL
65,"JARDIMSALVADOR"
65,"QUARTEIRAOBRASILEIRO"
65,SAMAMBAIA
65,ARARAS
65,"PEDRO DORIO"
65,POSSE
65,ITAIPAVA
65,CUIABA
65,MALTA
68,ZE GAROTO
68,"PATRONATO"
68,"BRASILÂNDIA"
68,"PORTONOVO"
68,GRADIM
68,PARAISO
68,"PORTOVELHO"
68,"PORTO DAMADAMA"
69,COELHO
69,"MARIAPAULA"
69,ARSENAL
69,"RIO DOOURO"
69,ALMERINDA
69,TRIBOBO
69,"JOCKEYCLUB"
69,IPIIBA
69,"ANAIAPEQUENO"
69,COLUBANDE
69,"ENGENHODO ROCADO"
70,CENTRO
70,CASCATA
70,LAGES
70,BNH
70,RAMALHO
71,"SANTAROSA"
71,ICARAÍ
71,"VITALBRASIL"
71,CENTRO
71,"SÃODOMINGOS"
71,INGÁ
71,"ILHA DACONCEIÇÃO"
71,"PONTAD'AREIA"
71,FÁTIMA
72,CARAMUJO
72,BADU
72,"LARGO DABATALHA"
72,"SANTABARBARA"
72,ITITIOCA
72,CANTAGALO
72,SAPÊ
72,"SÃOFRANCISCO"
72,ICARAÍ
72,JURUJUBA
74,CENTRO
74,"SACRAFAMILIA DOTINGUA"
74,"MORROAZUL"
74,"PALMEIRADA SERRA"
74,PALMAS
74,AGUADA
74,GRAMINHA
75,"GOITACAZES"
75,"MARTINSLAGE"
75,"FAZENDINHA"
75,MINEIROS
75,"CAMPOLIMPO"
75,DONANA
75,"SANTOAMARO 3DISTRITO"
75,"SAOMARTINHO"
75,"CORRENTEZA"
75,CABOIO
75,"BAIXAGRANDE"
75,RETIRO
75,MARCELO
75,"ALTO DAAREIA"
75,"FAROL DESAO TOME"
75,BOA VISTA
75,"PONTO DECOQUEIROS"
75,"SAOSEBASTIAO"
75,"SATURNINOBRAGA"
75,ESPINHO
75,"POCOGORDO"
75,"VENDANOVA"
75,"CAMPONOVO"
75,"BEIRA DOTAI"
75,"B. DOJACARE"
75,"ALTO DOELIZEU"
75,"MUSSUREPE"
75,SAO BENTO
75,BABOSA
75,MARRECAS
75,"LARGO DOGARCIA"
75,"RIO DOCOLEGIO"
75,"COQUEIRODE TOCOS"
75,TOCOS
75,"PONTAGROSSA"
75,GOIABA
75,IPS
75,"PARQUEBELA VISTA"
75,"PARQUEPENHA"
75,CENTRO
75,"PARQUETURF CLUB"
75,"PARQUEAURORA"
75,"PARQUETROPICAL"
75,"PARQUEROSÁRIO"
75,"NOVOJOCKEY"
76,"JARDIMCARIOCA"
76,"PARQUEELDORADO"
76,"PARQUENOVOMUNDO"
76,"PARQUESANTAROSA"
76,"CUSTODOPOLIS"
76,"PARQUESAO JORGE"
76,"PARQUEPRAZERES"
76,"PARQUEALVORADA"
76,"CALABOUCO"
76,"PARQUECALABOUCO"
76,"PARQUECODIN"
76,"KM 13 7oDISTRITO"
76,"MORRO DOCOCO 12DISTRITO"
76,"JARDIMAEROPORTO"
76,"TRAVESSÃO7 DISTRITO"
76,"SANTAMARIA 18DISTRITO"
76,"KM 08 - 7oDISTRITO"
76,"PALMARES18oDISTRITO"
76,"PARQUESANTA ANA"
76,"CHAVE DEPARAISO 20DISTRITO"
76,"SÃO LUIZ DEMUTUCA 12oDISTRITO"
76,"VILA NOVA20 DISTRITO"
76,"SANTABÁRBARA18oDISTRITO"
76,"ESPIRITOSANTINHO13oDISTRITO"
76,"SANTOEDUARDO13 DISTRITO"
76,"BREJOGRANDE 7oDISTRITO"
76,"AREIABRANCA 12oDISTRITO"
76,"MURUNDU13oDISTRITO"
76,"SESMARIA12oDISTRITO"
76,"BALANÇARANGEL 7oDISTRITO"
76,"GUANDU 7oDISTRITO"
76,"MATA DACRUZ 18oDISTRITO"
76,"RIBEIRO DOAMARO 7oDISTRITO"
76,"PARQUENOVACANAÃ 7oDISTRITO"
76,"CONSELHEIRO JOSINO20 DISTRITO"
78,"COPACABANA"
78,"DOUTORLAUREANO"
78,CAROLINA
78,"JARDIMGRAMACHO"
78,SARAPUÍ
78,"VILA SÃOLUIS"
78,"JARDIMOLAVOBILAC"
78,GRAMACHO
78,"JARDIMLEAL"
78,BANANAL
79,"CIDADE DOSMENINOS"
79,PILAR
79,SÃO BENTO
79,"PARQUEFLUMINENSE"
79,PANTANAL
79,"PARQUEMUISA"
79,AMAPÁ
79,"PARQUECOMERCIAL"
79,"VILAROSARIO"
83,"SANTOELIAS"
83,"BANCO DEAREIA"
83,"COSMORAMA"
83,VILA EMIL
83,"ROCHASOBRINHO"
83,"PARQUESENADOR"
83,CENTRO
83,JACUTINGA
83,"PRESIDENTEJUSCELINO"
84,CABUÇU
84,"JARDIMGUANDU"
84,"PRADOSVERDES"
84,MARAPICU
84,BOM JESUS
84,"KM 32 -CEDAE"
84,"JARDIMALVORADA"
84,KM 32
84,PALHADA
84,LAGOINHA
84,ALIANÇA
84,VALVERDE
84,"JARDIMPALMARES"
84,"TODOS OSSANTOS"
84,"PARQUESAOFRANCISCO"
84,"JARDIMLARANJEIRAS"
84,PARAISO
84,MANGUEIRA
84,"JARDIMNOVA ERA"
84,"CAMPOALEGRE"
87,"BARROVERMELHO"
87,VILA LAGE
87,"ENGENHOPEQUENO"
87,"LINDOPARQUE"
87,"PONTEPARAGUAI"
87,"SANTACATARINA"
87,ZE GAROTO
87,"VENDA DACRUZ"
87,NOVA ROMA
87,PAIVA
87,NEVES
87,COVANCA
88,TOMAZINHO
88,"SÃOMATEUS"
88,VILA UNIAO
88,EDEN
88,VILA NORMA
89,"VILAR DOSTELES"
89,"VILA SÃOJOÃO"
89,"JARDIMMERITI"
89,"JARDIMSANTAROSA"
89,JARDIM ÍRIS
89,"VILAANDORINHAS"
90,"AEROCLUBE"
90,VOLDAC
90,"VILABRASÍLIA"
90,NITERÓI
90,SÃO LUÍS
90,VILA MURY
90,RETIRO
90,"SANTA RITADO ZARUR"
90,DOM BOSCO
90,COQUEIROS
90,"SANTACRUZ"
90,"SÃOSEBASTIÃO"
90,"VERDEVALE"
90,"CANDELÁRIA"
90,"JARDIMBELMONTE"
90,BELMONTE
90,ACUDE II
90,"SIDERLANDIA"
90,"SANTA RITADE CASSIA"
90,ACUDE
90,"PADREJOSIMO"
91,ANO BOM
91,"VILAORLANDÉLIA"
91,"SÃOFRANCISCODE ASSIS"
91,"GETÚLIOVARGAS"
91,"VILACORINGA"
91,"ANTÔNIOROCHA"
91,"VISTAALEGRE"
91,"LOTEAMENTO SOFIA"
91,VILA NOVA
91,FLORIANO
91,RIALTO
91,"LOTEAMENTO BELOHORIZONTE"
91,"SANTACLARA"
91,AMPARO
91,SÃO PEDRO
91,"ESTAMPARIA"
91,"VILAPRINCIPAL"
91,PARAÍSO
91,"BOA VISTAIII"
91,"VILABARBARÁ"
91,"ROSELÂNDIA"
91,"NOVE DEABRIL"
91,CAJUEIRO
91,BOA VISTA II
91,PITEIRAS
91,BOA SORTE
91,SÃO LUIZ
91,"NOVAESPERANÇA"
92,PRAIA SECA
92,"BANANEIRAS"
92,"PARQUEMATARUNA"
92,VILA CAPRI
92,CENTRO
92,"XV DENOVEMBRO"
92,"FAZENDINHA"
92,"PONTE DOSLEITES"
92,BOA PERNA
92,ITATIQUARA
92,"EDUCANDÁRIO"
92,PARATY
92,BOA VISTA
92,IGUABINHA
92,REGAMÉ
92,HOSPÍCIO
92,"ENGENHOGRANDE"
92,"ENGENHONOVO"
92,PRODÍGIO
92,"MORROGRANDE"
92,AURORA
92,PARACATU
92,"SÃOVICENTE"
92,"SOBRADINHO"
92,"JUTURNAÍBA"
92,MONTEIRO
92,POSSE
92,MUTIRÃO
92,SOUBARA
92,"CLUBE DOSENGENHEIROS"
92,"TRÊSVENDAS"
92,OUTEIRO
93,CENTRO
93,"MATADOURO"
93,SANTANA
93,CALIFÓRNIA
93,"PONTEVERMELHA"
93,IPIABAS
93,DORÂNDIA
93,ROSEIRA
93,"SÃO JOSÉDO TURVO"
93,"VARGEMALEGRE"
93,"OFICINASVELHAS"
93,"SANTANADE BARRA"
93,"PARQUESANTANA"
93,"BOCA DOMATO"
93,CARVAO
93,QUIMICA
93,"MORRO DOGAMA"
93,AREAL
93,MARACANA
93,"ARTHURCATALDI"
93,"PARQUESAOJOAQUIM"
93,CANTAO
93,BELVEDERE
94,CENTRO
94,"ROBERTOSILVEIRA"
94,BOCAININHA
94,SAUDADE
94,"COLÔNIASANTOANTÔNIO"
94,"JARDIMAMÉRICA"
94,"MONTECRISTO"
94,COTIARA
94,"SÃOSILVESTRE"
94,"VILAINDEPENDÊNCIA"
94,"BOMPASTOR"
94,VILA MARIA
94,"VILAURSULINO"
94,KM - 4
94,"SÃOVICENTE"
95,CENTRO
95,"BAIRRONOVO"
95,"CALHEIROS2 DIST"
95,"ROSAL - 3DIST"
95,"SERRINHA -6 DIST"
95,"CARABUÇU -4 DIST"
95,"PIRAPETINGA - 5 DIST"
95,"MUTUM DECIMA - 4DIST"
95,"BARRA DOPIRAP. - 7DIST"
95,"BOMJARDIM - 1DIST"
95,"USINA STAISABEL - 1DIST"
95,"ARRAIALNOVO - 2DIST"
95,"ASABRANCA"
95,"PIMENTELMARQUES"
95,"SANTAROSA"
95,"SANTATERESINHA"
95,"USINA STAMARIA - 8DIST"
95,LIA MÁRCIA
96,CENTRO
96,PASSAGEM
96,MARLIM
96,PORTINHO
96,"JARDIMFLAMBOYANT"
96,"PARQUEBURLE"
96,"PRAIA DOSIQUEIRA"
96,"JARDIMCAIÇARA"
96,VILA NOVA
96,BRAGA
96,"SÃOCRISTÓVÃO"
96,"CÉLULAMÁTER"
96,"MANOELCORRÊA"
96,GUARANI
97,CENTRO
97,"MONTEVERDE"
97,"SÃO JOÃODO PARAÍSO"
97,FUNIL
97,"TRESIRMAOS"
97,CRUZEIRO
98,CENTRO
98,CAJU
98,"PARQUESAOCAETANO"
98,"PARQUENOVABRASÍLIA"
98,"PARQUEESPLANADA"
98,"PARQUELEOPOLDINA"
98,"PARQUETAMANDARÉ"
98,PECUÁRIA
98,"PARQUERODOVIÁRIO"
98,"PARQUEJULIÃONOGUEIRA"
98,LAPA
98,"PARQUEJOQUEICLUB"
98,HORTO
98,TURF CLUB
98,"PQCALIFORNIA"
101,CENTRO
101,TRIÂNGULO
101,CANTELMO
101,"SANTOANTÔNIO"
101,"SANTA RITADAFLORESTA"
101,"EUCLIDELÂNDIA"
101,"SÃOSEBASTIÃODO PARAÍBA"
101,BOA SORTE
101,SÃO JOSÉ
102,CENTRO
102,"ILHA DOSPOMBOS"
102,"BARRA DESÃOFRANCISCO"
102,INFLUÊNCIA
102,"CÓRREGODO PRATA"
102,"PORTOVELHO DOCUNHA"
102,"LOTEAMENTOVALPARAÍSO"
102,"PROGRESSO"
102,"MORRO DOESTADO"
103,CENTRO
103,"PARQUESENHOR DOBONFIM"
103,"PARQUELAGUNA EDOURADOS"
103,"BAR DOSCAVALEIROS"
103,"PARQUELAFAIETE"
103,PRAINHA
103,"ENGENHODO PORTO"
103,COVANCA
103,PERIQUITOS
103,"CORTEOITO"
103,"CENTENÁRIO"
104,RIO VÁRZEA
104,QUISSAMÃ
104,CENTRO
104,"OUTEIRODASPEDRAS"
104,"NOVACIDADE"
104,RETA NOVA
104,"VENDA DASPEDRAS"
104,AREAL
104,"PORTO DASCAIXAS"
104,"VISCONDEDEITABORAÍ"
104,PICO
104,"SÃOJOAQUIM"
104,AMPLIAÇÃO
104,"JOAQUIM DEOLIVEIRA"
104,"NANCILÂNDIA"
105,CENTRO
105,"MONTESERRAT"
105,SANTANA
105,"VISTAALEGRE"
105,"PARQUEPARAISO"
105,"JARDIMAMÉRICA"
105,ENGENHO
105,"AMENDOEIRA"
105,CHAPERÓ
105,MAZOMBA
105,"MAZOMBINHA"
105,PIRANEMA
105,"SANTACÂNDIDA"
105,"VILAMARGARIDA"
105,INOUE
105,"IBITUPORANGA"
105,"COROAGRANDE"
105,"ILHA DAMADEIRA"
105,"SACO DAPRATA"
105,BRISA MAR
105,VILA GENI
105,TEIXEIRAS
105,LEANDRO
105,"ESTRELADO CÉU"
105,"IBIRAPITANGA"
106,CAXIAS
106,CENTRO
106,BATATAL
106,LARANJAIS
106,PORTELA
106,"JAGUAREMBÉ"
106,"ESTRADANOVA"
106,BNH
106,"CIDADENOVA"
107,"CIDADENOVA"
107,CENTRO
107,VINHOSA
107,"PRESIDENTE COSTA ESILVA"
107,"GOVERNADORROBERTOSILVEIRA"
107,"BOAFORTUNA"
107,"AEROPORTO"
107,NITERÓI
107,"SÃOFRANCISCO"
107,"FRIGORÍFICO"
107,AVAÍ
107,ARÉ
107,"CÓRREGODA CHICA"
107,ITAJARA
107,"SÃOSEBASTIÃODA BOAVISTA"
107,"COMENDADORVENÂNCIO"
107,RAPOSO
107,"RETIRO DOMURIAÉ"
107,"BOAVENTURA"
107,"SÃOMATHEUS"
107,"NOSSASENHORADA PENHA"
107,SURUBI
107,TOYAMA
107,"MATADOURO"
107,"HORTOFLORESTAL"
107,"SANTAMARIA"
107,"CAMPOGRANDE"
107,"CRUZ DAMOÇA"
107,"CÓRREGOSÊCO"
108,CENTRO
108,LÍDICE
108,"SAO JOAOMARCOS"
108,"PASSATRÊS"
108,"FAZENDADA GRAMA"
108,"GETULÂNDIA"
108,"POUSOSECO"
109,CENTRO
109,"PRAIACAMPISTA"
109,"CORREGODO OURO"
109,IMBETIBA
109,BOTAFOGO
109,"CACHOEIROS DE MACAE"
109,TRAPICHE
109,SANA
109,"RIVIERAFLUMINENSE"
109,MIRAMAR
109,"VISCONDEDE ARAUJO"
109,GLICERIO
109,FRADE
109,"COSTA DOSOL"
109,"CAVALEIROS"
109,IMBOASSICA
109,"BICUDAPEQUENA"
109,"NOVOCAVALEIROS"
109,"CAMPO DOOESTE"
109,"VIRGEMSANTA"
109,GLORIA
109,HORTO
110,CENTRO
110,"TÊNISCLUBE"
110,PIEDADE
110,FIGUEIRA
110,"NOVAMARILIA"
110,SURUI
110,"SANTADALILA"
110,"COVANCA -SURUI"
110,"JARDIM DAPAZ"
110,MAUA
110,IPIRANGA
110,"PRAIA DOANIL"
110,OLARIA
110,"PRAIA DEOLARIA"
110,BARBUDA
110,"BARÃO DOIRIRI"
110,LEQUE AZUL
110,"PARQUEBONEVILLE"
110,"SAOFRANCISCO"
110,"BAIABRANCA"
110,"RIO DOOURO"
110,VILA INCA
110,SACO
110,JORORÓ
110,"PARQUEIRIRI"
110,"JARDIMESMERALDA"
110,CAPELA
110,"ANDORINHAS"
110,"SANTOALEIXO"
110,"BNH -GANDE"
110,"CITROLÂNDIA"
111,BENFICA
111,BIQUINHA
111,CAMBOTA
111,CENTRO
111,FATIMA
111,CHACRINHA
111,"PONTEFUNDA"
111,"MONTED'OURO"
111,PASSAGEM
111,QUIRINO
111,"BARÃO DEJUPARANÃ"
111,"SANTAISABEL"
111,SÃO BENTO
111,PENTAGNA
111,"SANTAIGNACIA"
111,PARAPEUNA
111,"ALBERTOFURTADO"
111,"CONSERVATORIA"
111,"PEDROCARLOS"
111,CANTEIRO
111,"SÃOFRANCISCO"
111,PARAISO
111,"LOTEAMENTO RANCHONOVO"
111,APARECIDA
111,"SÃO JOSÉDASPALMEIRAS"
111,"JARDIMVALENÇA"
111,OSÓRIO
111,"SERRA DAGLORIA"
111,CHAVES
111,"JOÃOBONITO"
111,"SANTACRUZ"
111,VARGINHA
111,"PARQUEPENTAGNA"
111,"MANUELDUARTE"
111,TABOAS
111,COMÉRCIO
111,"ABARRACAMENTO"
111,TRÊS ILHAS
112,CENTRO
112,"SANTATEREZA"
112,"PARAÍSO DOTOBIAS"
112,"VENDA DASFLORES"
112,RODAGEM
112,NOVA LAJE
112,"CHACARADOCRUZEIRO"
116,CENTRO
116,SAO BENTO
116,"PARQUEDASPALMEIRAS"
116,BALNEÁRIO
116,"ILHA DAGIPOIA"
116,BONFIM
116,VILA VELHA
116,CAMORIM
116,MARINAS
116,"SAPINHATUBA I"
116,"CAMORIMPEQUENO"
116,"JACUECANGA"
116,CAPUTERA
116,MONSUABA
116,"GARATUCAIA"
116,"PORTOGALO"
118,"CAVALCANTI"
118,"ENGENHEIRO LEAL"
118,MADUREIRA
118,VAZ LOBO
118,"TOMÁSCOELHO"
118,"VICENTE DECARVALHO"
118,"CASCADURA"
118,"OSWALDOCRUZ"
119,"BARRA DATIJUCA"
119,"ALTO DABOA VISTA"
119,ITANHANGÁ
119,"FREGUESIAJPA"
120,"SENADORVASCONCELOS"
120,"CAMPOGRANDE"
122,"SENADORVASCONCELOS"
122,"CAMPOGRANDE"
122,SANTÍSSIMO
123,ANCHIETA
123,"RICARDODEALBUQUERQUE"
123,DEODORO
123,"PARQUEANCHIETA"
123,REALENGO
123,"MAGALHÃESBASTOS"
125,"SANTACRUZ"
126,"CAMPOSELÍSEOS"
126,"JARDIMPRIMAVERA"
126,CAPIVARI
126,FIGUEIRA
126,"SARACURUNA"
126,"VILA MARIAHELENA"
127,"SANTALÚCIA"
127,IMBARIÊ
127,VILA EMA
127,"JARDIMANHANGÁ"
127,"PARADAANGÉLICA"
127,"PARQUEEQUITATIVA"
127,"PARQUEPAULISTA"
127,"NOVACAMPINAS"
127,TAQUARA
127,"CRISTÓVÃOCOLOMBO"
127,"JARDIMBARROBRANCO"
127,"JARDIMROTSEN"
127,"PARADAMORABI"
128,"FRANGODOURADO"
128,"PARQUEELDORADO"
128,"SANTACRUZ DASERRA"
128,XERÉM
128,"MANTIQUIRA"
128,"SANTOANTONIO"
128,"VILACANAAN"
128,"VILABONANÇA"
128,"JARDIM SAOLOURENCO"
128,"CHACARASARCAMPO"
128,BARREIRO
129,URURAI
129,"USINA DOQUEIMADO"
129,CARVAO
129,"USINASANTACRUZ"
129,CANTAGALO
129,ITERERE
129,"PONTA DALAMA"
129,"CAIXETA -IBITIOCA 10oDISTRITO"
129,TAPERA
129,"PARQUEFUNDAO"
129,"PARQUESÃO JOSE"
129,"PARQUEGUARUS"
129,"USINASAPUCAIA"
129,"PARQUESANTAHELENA"
129,"PARQUECIDADE LUZ"
129,"MORANGABA"
129,"MOCOTODO IMBE"
129,"LAGOA DECIMA"
129,"SANTOAMARO -FAZENDAAGUA FRIA"
129,"PENHA -FAZENDACHALITA"
129,IBITIOCA
129,"DORES DEMACABU"
129,GURIRI
129,SERRINHA
129,QUILOMBO
129,"PERNAMBUCA"
129,"TRESVENDAS"
129,"PARQUEALDEIA"
129,"PARQUELEBRET"
129,"PARQUESÃOMATEUS"
129,"PARQUESAOMATEUS"
129,"CONCEIÇÃODO IMBE"
130,GARGAU
130,"BOMJARDIM"
130,"CAMPONOVO"
130,ESTREITO
130,GUAXINDIBA
130,FLORESTA
130,"IMBURI DECAMPOS"
130,MACUCO
130,"MORROALEGRE"
130,"PINGOD'AGUA"
130,"PONTO DECACIMBAS"
130,CENTRO
130,AMONTADO
130,"BARRA DOITABAPOANA"
130,"COREIA DOSUL"
130,BOM LUGAR
130,"BREJOGRANDE"
130,BUENA
130,GUARIXIMA
130,"TRAVESSAODE BARRA"
130,BOA SORTE
130,"CARRAPATO"
130,"DESERTOFELIZ"
130,"LADEIRADASPEDRAS"
130,"PRACAJOAOPESSOA"
130,"SANTALUZIA"
130,"VALAOSECO"
130,SOSSEGO
130,BOA VISTA
130,ARUEIRA
130,"SANTOAMARO"
130,"SANTACLARA"
130,"ALEGRIADOS ANJOS"
130,"MORRO DOBODE"
131,"VILA SANTACECÍLIA"
131,"TANGERINAL"
131,CONFORTO
131,EUCALIPTAL
131,"SÃOCRISTÓVÃO"
131,"PONTEALTA"
131,SESSENTA
131,SÃO LUCAS
131,"MINERLÂNDIA"
131,LARANJAL
131,"JARDIMTIRADENTES"
131,ROMA II
131,"CASA DEPEDRA"
131,"JARDIM VILARICA"
131,"JARDIMAMÁLIA"
131,ÁGUA LIMPA
131,"VOLTAGRANDE"
131,"SÃOGERALDO"
131,ATERRADO
131,CAIEIRA
131,"VILAAMERICANA"
131,"JARDIMNORMÂNDIA"
131,"SANTOAGOSTINHO"
131,"VILA RICA -TRÊSPOÇOS"
132,MONJOLO
132,"SANTALUZIA"
132,LARANJAL
132,"JARDIMCATARINA"
132,"VISTAALEGRE"
132,MARAMBAIA
132,GUAXINDIBA
132,APOLO III
133,"AMENDOEIRA"
133,"SANTAISABEL"
133,PACHECO
133,"SACRAMENTO"
133,LARANJAL
133,"JARDIMALCÂNTARA"
133,ALCÂNTARA
133,LAGOINHA
133,RAUL VEIGA
133,COLUBANDE
133,MIRIAMBI
133,VILA TRÊS
135,CENTRO
135,ROCHA
135,COLUBANDE
135,"GALOBRANCO"
135,"AGUAMINERAL"
135,ALCÂNTARA
135,MUTONDO
135,SAO MIGUEL
135,TRINDADE
135,"NOVACIDADE"
135,ITAÚNA
138,FANCHEM
138,PARAISO
138,CENTRO
138,"SANTACATARINA"
138,CAMARIM
138,"VILAPACAEMBU"
138,"VILA DOTINGUÁ"
138,"VILA SAOJOAO"
138,FLESMAM
138,"SÃOCRISTÓVÃO"
138,"VALDARIOSA"
138,"JARDIMALZIRA"
138,SÃO ROQUE
138,"NOSSASENHORADA GLORIA"
138,"CAMPO DABANHA"
138,BELMONTE
138,"JARDIM DAFONTE"
138,PRIMAVERA
138,"VILAGUIMARÃES"
138,SAO MIGUEL
138,"SANTOEXPEDITO"
138,"INCONFIDENCIA"
138,"VILACENTRAL"
138,"NOVACIDADE"
138,"VILAAMERICANA"
138,"TRESFONTES"
138,"SÃOFRANCISCO"
138,"PARQUESAOBARTOLOMEU"
138,"VILACOIMBRA"
138,SÃO JORGE
139,CENTRO
139,CHACRINHA
139,"NOVABELEM"
139,"ENGENHEIRO PEDREIRA"
139,"CENTROENGPEDREIRA"
139,"PARQUEMUCAJA"
139,"SAO JORGEENGPEDREIRA"
139,"COSME EDAMIAO"
139,PEDRA LISA
139,"JARDIMMARAJOARA"
139,"VILA SANTAAMELIA"
139,"SANTATEREZINHA"
139,"JARDIMAMARALINA"
139,ALECRIM
139,"JARDIMDELAMARE"
139,"VILACENTRAL"
139,RIO D'OURO
141,CENTRO
141,CACHOEIRO
141,"DOUTORMATTOS"
141,SAO LUIZ
141,"SAOJOAQUIM"
141,"USINA DEOUTEIRO"
141,GUARNERE
141,"SAOCAETANO"
141,"SAO PEDRODO PARAISO"
141,"CIMENTOPARAISO"
144,BARRETO
144,"TENENTEJARDIM"
144,"ENGENHOCA"
144,"SANTAROSA"
144,FONSECA
144,CUBANGO
144,BALDEADOR
146,"PRAIA DOSANJOS"
146,"PRAIAGRANDE"
146,CENTRO
146,FIGUEIRA
146,"MONTEALTO"
146,PRAINHA
146,"VILAINDUSTRIAL"
146,"PERNAMBUCA"
147,FRADE
147,BRACUI
147,"SERRAD'AGUA"
147,ENSEADA
147,PONTAL
147,JAPUIBA
147,"VILAHISTORICADEMAMBUCABA"
147,"PRAIABRAVA"
147,"PARQUEMAMBUCABA"
147,"ILHAGRANDE"
147,AREAL
147,"CAMPOBELO"
147,"PARQUEBELEM"
147,"GAMBOA DOBELÉM"
147,BANQUETA
147,"MORRO DACRUZ"
148,FRAGOSO
148,PIABETÁ
148,CENTRO
148,"PARQUEHUMAITA"
148,"VILARECREIO"
148,"RAIZ DASERRA"
148,"PONTEPRETA"
148,"CACHOEIRAGRANDE"
148,"PARQUEESTRELA"
148,"PAUGRANDE"
148,"MAURIMARCIA"
148,"PARQUESANTANA"
148,"VILARAQUEL"
148,"PARQUECAÇULA"
148,"JARDIM SAOPAULO"
148,"JARDIMNAZARENO"
148,"PARQUEPARANHOS"
148,ILHA
148,"PARQUEDOSARTISTAS"
149,CENTRO
149,"PARADAMODELO"
149,"VALE DASPEDRINHAS"
149,"PARADAIDEAL"
149,ORINDI
149,"QUINTAMARIANA"
149,"MONTEOLIVETI"
149,"VILAOLIMPIA"
149,PARAÍSO
149,"PARQUESANTAEUGENIA"
149,CORDOVIL
149,"VALE DOJEQUITIBÁ"
149,ICONHA
149,"CANECAFINA"
150,CENTRO
150,CHATUBA
150,"EDSONPASSOS"
150,"PRESIDENTEJUSCELINO"
150,COREIA
150,"SANTATEREZINHA"
151,SAPÊ
151,"JARDIMIDÁLIA"
151,MANILHA
151,"MORADA DOSOL"
151,"SANTOANTÔNIO"
151,"JARDIMITAMBI"
151,ITAMBI
151,APOLO II
151,"NOVOHORIZONTE"
151,"ALDEIA DAPRATA"
151,VILA BRASIL
151,"SAMBAETIBA"
151,MURIQUI
151,PINHÃO
151,"GRANJASMIRASSOL"
151,PACHECOS
151,AMPLIAÇÃO
151,"VILACORTES"
151,"SANTOANTONIO"
151,"POSSE DOSCOUTINHOS"
151,PEROBAS
151,IPITANGAS
151,CABUÇU
151,CURUZU
151,SÃO JOSÉ
151,VILA VERDE
151,"GRANJASCABUÇU"
151,"GRANDERIO"
151,MARAMBAIA
151,"PARQUEAURORA"
151,"MONTEVERDE"
151,"JARDIMFLUMINENSE"
151,MUTUAPIRA
151,CABUIS
151,"BANDEIRANTE I"
151,"AGROBRASIL"
151,DUQUES
151,"BANDEIRANTE II"
151,BADURECO
151,"VILAGABRIELA"
151,"JOÃOCAETANO"
151,GEBARA
152,"VILAHERMINIAMAIA"
152,"JARDIMBOMPASTOR"
152,"JARDIMGLAUCIA"
152,"SANTAAMELIA"
152,"BAIRRO DASGRACAS"
152,"PARQUESAOBERNARDO"
152,"BARROVERMELHO"
152,NOVA PIAM
152,"PARQUESAO JOSE"
152,"SANTATEREZA"
152,"JARDIMREDENTOR"
152,VILAR NOVO
152,"VILAPAULINE"
153,LOTE XV
153,"JARDIM DOIPE"
153,WONA
153,"PARQUEFLUMINENSE"
153,"PARQUESAOVICENTE"
153,"SARGENTORONCALLI"
153,VASCO
153,"PARQUEAFONSO"
153,"PARQUEESPERANCA"
153,MARINGA
153,"PARQUEAMORIM"
153,"VALE DASMANGUEIRAS"
153,"VARZEA DAALEGRIA"
154,"AREIABRANCA"
154,CENTRO
154,"SAOBERNARDO"
154,PIAM
154,NOVA PIAM
154,PRATA
154,"JARDIMSANTAMARIA"
154,HELIOPOLIS
154,SUBLIME
154,"ANDRADEARAÚJO"
155,ITAIPU
155,XAVANTE
155,HELIOPOLIS
155,"NOVAAURORA"
155,"JARDIMAMERICA"
155,"SAOFRANCISCO"
155,SHANGRILA
155,RECANTUS
155,"ANDRADEARAUJO"
155,BELA VISTA
155,"VILAHELIOPOLIS"
156,FIGUEIRAS
156,"JARDIMCORUMBA"
156,SANTA RITA
156,TINGUA
156,"VILA DECAVA"
156,"NOVABRASILIA"
156,"VILAIGUACUANA"
156,"JOSEBULHOES"
156,RIO D'OURO
156,"ADRIANOPOLIS"
156,"JARDIMSANTA RITA"
156,"AUTODROMO"
156,"PARQUEGENECIANOLUZ"
156,GRAMA
156,JACERUBA
156,"IGUACUVELHO"
156,"CIDADEJARDIMPARQUEESTORIL"
156,"PARQUEALVORADA"
156,"MIGUELCOUTO"
156,AMBAI
156,PRATA
156,"JARDIM BOAESPERANCA"
157,"CRUZEIRODO SUL"
157,"ANDRADEARAUJO"
157,"VILACAMARI"
157,POSSE
157,PRATA
157,"RANCHONOVO"
157,"PARQUEFLORA"
157,KENNEDY
157,CAIOABA
157,"VILAOPERARIA"
157,"JARDIMTROPICAL"
157,"JARDIMESPLANADA"
157,"NOVAAMERICA"
157,"VILAIRACEMA"
157,CARMARY
158,RODILÂNDIA
158,AUSTIN
158,"BAIRROBOTAFOGO"
158,"PONTOCHIC"
158,COBREX
158,POSSE
158,CACUIA
158,GRAJAU
158,CERÂMICA
158,RIACHÃO
158,"CENTRO DEAUSTIN"
158,"INCONFIDÊNCIA"
159,JD CANAAN
159,LUZ
159,"COMENDADOR SOARES"
159,"JARDIMIGUAÇU"
159,"OUROPRETO"
159,"ROSA DOSVENTOS"
159,"JARDIMAYMORÉ"
159,"JARDIMPERNAMBUCO"
161,"BONSUCESSO"
161,RAMOS
162,"BRÁS DEPINA"
162,CORDOVIL
162,"PARADA DELUCAS"
162,PENHA
162,OLARIA
162,"PENHACIRCULAR"
162,RAMOS
167,ANCHIETA
167,"COSTABARROS"
167,PAVUNA
167,"RICARDODEALBUQUERQUE"
169,"HIGIENÓPOLIS"
169,INHAUMA
169,"DELCASTILHO"
169,"MANGUINHOS"
169,"MARIA DAGRAÇA"
169,BENFICA
169,MANGUEIRA
169,TRIAGEM
170,ANDARAÍ
170,VILA ISABEL
170,TIJUCA
170,GRAJAÚ
170,MARACANÃ
172,"MANGUINHOS"
172,RASA
172,CENTRO
172,FERRADURA
172,SAO JOSE
172,"CEMBRACAS"
172,GERIBA
172,VILA VERDE
174,"ALBERTOTORRES"
174,CENTRO
174,"VILADANTAS"
174,"FAZENDAVELHA"
174,"CAIXAD'ÁGUA"
174,TRIÂNGULO
174,"MONTECASTELO"
174,"MOURABRASIL"
174,"PONTE DASGARÇAS"
174,VILA ISABEL
174,BEMPOSTA
174,"HERMOGÊNIO SILVA"
174,PILÕES
174,"PONTOAZUL"
174,PURIZ
174,BOA UNIÃO
174,"CIDADENOVA"
174,"SANTATERESINHA"
174,"CÓRREGOSUJO"
174,"LADEIRADASPALMEIRAS"
174,"JARDIMPRIMAVERA"
174,AMAZONAS
176,"JARDIMAMÉRICA"
176,"PARADA DELUCAS"
176,"VIGÁRIOGERAL"
176,"VILA DAPENHA"
176,"VISTAALEGRE"
176,CORDOVIL
176,"BRÁS DEPINA"
179,"CIDADE DEDEUS"
179,PECHINCHA
179,"RIO DASPEDRAS"
179,ANIL
179,"GARDENIAAZUL"
180,TANQUE
180,TAQUARA
181,CENTRO
181,"SAPEATIBAMIRIM"
181,"CIDADENOVA"
181,SAO MIGUEL
181,ESTACAO
181,PEDREIRA
181,VILA NOVA
181,"IGUABAPEQUENA"
181,"PARQUETAMARIZ"
181,"JARDIMSOLARES"
181,"CANELASCITY"
182,CURICICA
182,TAQUARA
183,CENTRO
183,"RIBEIRÃODE SÃOJOAQUIM"
183,FALCÃO
183,"NOSSASENHORADOROSÁRIO"
183,"BULHÕES(SANTOANTÔNIO)"
183,"CENTRO(PORTOREAL)"
183,"BAIRRO DEFÁTIMA(RIBEIRA DADIVISA)"
183,"JARDIMREAL(JARDIMPORTOREAL)"
183,"FREITASSOARES(PARQUEFREITASSOARES)"
183,"JARDIM DASACÁCIAS"
183,"BNH (NOVOHORIZONTE)"
184,"BALNEÁRIOREMANSO"
184,CANTAGALO
184,OPERÁRIO
184,CENTRO
184,"EXTENSÃODO BOSQUE"
184,"ROCHALEÃO"
184,"BOCA DABARRA"
184,"MAR DONORTE"
184,"JARDIMMARILEA"
184,"NOVAESPERANÇA"
184,"JARDIMCAMPOMAR"
184,"NOVACIDADE"
184,COSTAZUL
184,SERRAMAR
184,RECANTO
184,ÂNCORA
184,"CIDADEBEIRA MAR"
184,RECREIO
184,LIBERDADE
184,"REDUTO DAPAZ"
184,"VILLAGE RIODASOSTRAS"
184,"CIDADEPRAIANA"
184,"PARQUEZABULÃO"
185,CAMPINHO
185,"PRAÇASECA"
185,"JARDIMSULACAP"
185,"VILAVALQUEIRE"
185,"BENTORIBEIRO"
185,"CAMPO DOSAFONSOS"
186,"VENDAVELHA"
186,"PARQUEANALANDIA"
186,"PARQUEARARUAMA"
186,"PARQUEJOSEBONIFACIO"
186,"PARQUENOVO RIO"
186,"PARQUEMIRIM"
186,"JARDIMSUMARE"
186,"VILA SAOJOSE"
186,"VILARFORMOSO"
186,"JARDIMOLAVOBILAC"
186,CENTRO
187,"COELHO DAROCHA"
187,"PRACA DABANDEIRA"
187,"JARDIMMETRÓPOLE"
187,"GRANDERIO"
187,"ENGENHEIRO BELFORD"
187,VILA ROSALI
187,"VILATIRADENTES"
187,"AGOSTINHOPORTO"
188,PENHA
188,"BRÁS DEPINA"
188,"PENHACIRCULAR"
188,"VILA DAPENHA"
188,IRAJÁ
188,"VILAKOSMOS"
188,"VICENTE DECARVALHO"
191,BANCÁRIOS
191,DENDE
191,"FREGUESIA(ILHA DOGOVERNADOR)"
191,MONERÓ
191,TAUÁ
191,GUARABU
191,ZUMBI
191,COCOTÁ
191,CACUIA
191,RIBEIRA
192,FUNDÃO
192,GALEÃO
192,"JARDIMGUANABARA"
192,"PORTUGUESA"
192,"TUBIACANGA"
195,ALTO
195,"BAIRRO DEFÁTIMA"
195,SÃO PEDRO
195,"GRANJAGUARANI"
195,"JARDIMMEUDOM"
195,"MORRO DOTIRO"
195,MEUDON
195,ANDRADAS
195,"PESSEGUEIROS"
195,"PONTENOVA"
195,"PROVIDÊNCIA"
195,"SEBASTIANA"
195,SANTA RITA
195,"SERRA DOCAPIM"
195,"TRÊSCÓRREGOS"
195,"ÁGUAQUENTE"
195,"BONSUCESSO"
195,"VALEALPINO"
195,IMBIÚ
195,"INDEP.MOTAS"
195,"VARGEMGRANDE"
195,"VENDANOVA"
195,VIEIRA
195,"VISTAALEGRE"
195,MOTAS
195,CRUZEIRO
195,"SANTAROSA"
195,"CAMPOLIMPO"
195,"SANTACECÍLIA"
195,BARROSO
195,"FAZENDAALPINA"
195,"CASCATAGUARANI"
196,"CONTENDAS"
196,CENTRO
196,"POUSOALEGRE"
196,ROÇADINHO
196,"PARADAMORELLI"
196,BARRINHA
196,"ÁGUASCLARAS"
196,JAGUARA
196,BOA VISTA
198,PENEDO
198,"CAMPOALEGRE"
198,CENTRO
198,VILA ODETE
198,MAROMBA
198,"VILAFLÓRIDA"
198,COMERCIAL
198,"CAMPOSELÍSEOS"
198,ALAMBARI
198,"FAZENDADA BARRA 2"
198,PARAÍSO
198,"SÃOCAETANO"
198,SERRINHA
198,"ENGENHEIRO PASSOS"
198,CAPELINHA
198,"VISCONDEDE MAUÁ"
198,"VARGEMGRANDE"
198,"VILA DAFUMACA"
198,CABRAL
198,"FAZENDADA BARRA 3"
198,"JARDIMITATIAIA"
198,BAGAGEM
198,"FAZENDADA BARRA"
199,"VILAPROGRESSO"
199,"MARIAPAULA"
199,"ITACOATIARA"
199,ITAIPU
199,"PIRATININGA"
199,"RIO DOOURO"
199,"ENGENHODO MATO"
199,"VÁRZEADAS MOÇAS"
199,"SERRAGRANDE"
199,"CAMBOINHAS"
199,CAFUBÁ
200,"SANTATERESA"
200,"PARQUEPAULICÉIA"
200,"VILA SÃOLUIS"
200,"JARDIMGUANABARA"
200,ITATIAIA
200,PAULICÉIA
200,CENTRO
200,"VILAITAMARATI"
200,"25 DEAGOSTO"
200,"PARQUEDASMISSÕES"
200,"PARQUEBEIRA MAR"
200,"JARDIM 25DE AGOSTO"
200,"PARQUEFELICIDADE"
200,"PARQUESANTAMARTA"
200,BEIRA MAR
201,CENTRO
201,OLINDA
201,CABRAL
201,"NOSSASENHORADE FÁTIMA"
204,CENTRO
204,"CIDADENOVA"
204,"SANTOCRISTO"
204,"SÃOCRISTÓVÃO"
204,CAJU
204,PAQUETÁ
204,SAUDE
211,GÁVEA
211,VIDIGAL
211,"SÃOCONRADO"
211,LAGOA
211,"JARDIMBOTÂNICO"
214,MEIER
214,"LINS DEVASCONCELOS"
214,ROCHA
214,"ENGENHODE DENTRO"
214,"ENGENHONOVO"
214,"TODOS OSSANTOS"
214,RIACHUELO
214,"SÃOFRANCISCOXAVIER"
216,CACHAMBI
216,"DELCASTILHO"
216,"ENGENHODE DENTRO"
216,MEIER
216,"TODOS OSSANTOS"
216,"ENGENHODA RAINHA"
216,INHAUMA
218,VAZ LOBO
218,MADUREIRA
218,TURIAÇÚ
218,IRAJÁ
218,"ROCHAMIRANDA"
218,"MARECHALHERMES"
218,"HONÓRIOGURGEL"
218,"BENTORIBEIRO"
218,"OSWALDOCRUZ"
219,"COELHONETO"
219,COLÉGIO
219,"ROCHAMIRANDA"
219,"HONÓRIOGURGEL"
219,"COSTABARROS"
219,"BARROSFILHO"
219,PAVUNA
221,CABUIS
221,CENTRO
221,PAIOL
221,OLINDA
221,"NOVACIDADE"
221,"NOVOHORIZONTE"
222,"RIOGRANDINA"
222,"CAMPO DOCOELHO"
222,CONQUISTA
222,"SANTACRUZ"
222,"SÃOLOURENÇO"
222,AMPARO
222,"GALDINÓPOLIS"
222,"MACAÉ DECIMA"
222,RIO BONITO
222,"BOAESPERANÇA"
222,LUMIAR
222,"VARGEMALTA"
222,"SÃO PEDRODA SERRA"
222,PRADO
222,"CONSELHEIRO PAULINO"
222,STUCKY
222,CARDINOT
222,"PARQUEMARIATERESA"
222,"JANELA DASANDORINHAS"
222,"JARDIMCALIFÓRNIA"
222,PILÕES
222,"BARRACÃODOSMENDES"
222,SALINAS
222,"COLONIAL61"
222,"JARDINLÂNDIA"
222,OLARIA
222,MURY
222,"CASCATINHA"
222,CÔNEGO
225,"FAZENDACAXIAS"
225,"BOAESPERANCA"
225,"JARDIMACACIAS"
225,DOM BOSCO
225,"JARDIMMARACANA"
225,"CAMPOLINDO"
225,"SANTASOFIA"
225,ECOLOGIA
225,SAO MIGUEL
225,CENTRO
225,"PARQUEJACIMAR"
225,VERA CRUZ
225,"CANTO DORIO"
229,"PRAÇA DABANDEIRA"
229,"RIOCOMPRIDO"
229,ESTÁCIO
229,TIJUCA
229,MARACANÃ
230,"VILAKENNEDY"
230,CATIRI
230,"JARDIMBANGU"
230,BANGU
233,REALENGO
233,"PADREMIGUEL"
233,BANGU
234,REALENGO
234,"MAGALHÃESBASTOS"
238,BANGU
238,"SENADORCAMARÁ"
238,SANTÍSSIMO
238,"AUGUSTOVASCONCELOS"
241,COSMOS
241,PACIENCIA
241,"SANTACRUZ"
242,"CAMPOGRANDE"
242,INHOAÍBA
243,"PEDRA DEGUARATIBA"
243,"BARRA DEGUARATIBA"
243,"ILHA DEGUARATIBA"
243,GUARATIBA
245,"CAMPOGRANDE"
245,INHOAÍBA
246,COSMOS
246,PACIENCIA
246,"CAMPOGRANDE"
246,INHOAÍBA
246,"SANTACRUZ"
254,"AJUDA DEBAIXO"
254,AROEIRAS
254,"SÃO JOSÉDOBARRETO"
254,FRONTEIRA
254,"BARRA DEMACAÉ"
254,"PARQUEAEROPORTO"
254,"JARDIMSANTOANTONIO"
254,"ENGENHODA PRAIA"
254,"BALNEÁRIOLAGOMAR"
255,CENTRO
255,UBAS
255,"ALTOALEGRE"
255,CAXIAS
255,"BARRA DOFURADO"
255,"SANTACATARINA"
255,PENHA
255,"SITIOQUISSAMÃ"
255,RODAGEM
256,ANGELIM
256,"PORTO DOCARRO"
256,GAMBOA
256,JACARÉ
256,PERÓ
256,"SÃOJACINTO"
256,"MONTEALEGRE"
256,"JARDIMESPERANÇA"
256,"JARDIMPERÓ"
256,GURIRI
256,TANGARÁ
256,"CAMPOSNOVOS"
256,BOTAFOGO
256,UNAMAR
256,AQUÁRIOS
256,PACHECO
256,ARAÇÁ
256,"FLORESTINHA"
256,SAMBURÁ
256,"MARIAJOAQUINA"
