Zona,bairros,lista
10,"ÁGUASANTA, CASCADURA, ENCANTADO, PIEDADE, QUINTINOBOCAIUVA, OSWALDOCRUZ, MADUREIRA","ÁGUASANTA,CASCADURA,ENCANTADO,PIEDADE,QUINTINOBOCAIUVA,OSWALDOCRUZ,MADUREIRA"
101,"CENTRO, TRIÂNGULO, CANTELMO, SANTOANTÔNIO, SANTA RITADAFLORESTA, EUCLIDELÂNDIA, SÃOSEBASTIÃODO PARAÍBA, BOA SORTE, SÃO JOSÉ","CENTRO,TRIÂNGULO,CANTELMO,SANTOANTÔNIO,SANTARITADAFLORESTA,EUCLIDELÂNDIA,SÃOSEBASTIÃODOPARAÍBA,BOASORTE,SÃOJOSÉ"
102,"CENTRO, ILHA DOSPOMBOS, BARRA DESÃOFRANCISCO, INFLUÊNCIA, CÓRREGODO PRATA, PORTOVELHO DOCUNHA, LOTEAMENTOVALPARAÍSO, PROGRESSO, MORRO DOESTADO","CENTRO,ILHADOSPOMBOS,BARRADESÃOFRANCISCO,INFLUÊNCIA,CÓRREGODOPRATA,PORTOVELHODOCUNHA,LOTEAMENTOVALPARAÍSO,PROGRESSO,MORRODOESTADO"
103,"CENTRO, PARQUESENHOR DOBONFIM, PARQUELAGUNA EDOURADOS, BAR DOSCAVALEIROS, PARQUELAFAIETE, PRAINHA, ENGENHODO PORTO, COVANCA, PERIQUITOS, CORTEOITO, CENTENÁRIO","CENTRO,PARQUESENHORDOBONFIM,PARQUELAGUNAEDOURADOS,BARDOSCAVALEIROS,PARQUELAFAIETE,PRAINHA,ENGENHODOPORTO,COVANCA,PERIQUITOS,CORTEOITO,CENTENÁRIO"
104,"RIO VÁRZEA, QUISSAMÃ, CENTRO, OUTEIRODASPEDRAS, NOVACIDADE, RETA NOVA, VENDA DASPEDRAS, AREAL, PORTO DASCAIXAS, VISCONDEDEITABORAÍ, PICO, SÃOJOAQUIM, AMPLIAÇÃO, JOAQUIM DEOLIVEIRA, NANCILÂNDIA","RIOVÁRZEA,QUISSAMÃ,CENTRO,OUTEIRODASPEDRAS,NOVACIDADE,RETANOVA,VENDADASPEDRAS,AREAL,PORTODASCAIXAS,VISCONDEDEITABORAÍ,PICO,SÃOJOAQUIM,AMPLIAÇÃO,JOAQUIMDEOLIVEIRA,NANCILÂNDIA"
105,"CENTRO, MONTESERRAT, SANTANA, VISTAALEGRE, PARQUEPARAISO, JARDIMAMÉRICA, ENGENHO, AMENDOEIRA, CHAPERÓ, MAZOMBA, MAZOMBINHA, PIRANEMA, SANTACÂNDIDA, VILAMARGARIDA, INOUE, IBITUPORANGA, COROAGRANDE, ILHA DAMADEIRA, SACO DAPRATA, BRISA MAR, VILA GENI, TEIXEIRAS, LEANDRO, ESTRELADO CÉU, IBIRAPITANGA","CENTRO,MONTESERRAT,SANTANA,VISTAALEGRE,PARQUEPARAISO,JARDIMAMÉRICA,ENGENHO,AMENDOEIRA,CHAPERÓ,MAZOMBA,MAZOMBINHA,PIRANEMA,SANTACÂNDIDA,VILAMARGARIDA,INOUE,IBITUPORANGA,COROAGRANDE,ILHADAMADEIRA,SACODAPRATA,BRISAMAR,VILAGENI,TEIXEIRAS,LEANDRO,ESTRELADOCÉU,IBIRAPITANGA"
106,"CAXIAS, CENTRO, BATATAL, LARANJAIS, PORTELA, JAGUAREMBÉ, ESTRADANOVA, BNH, CIDADENOVA","CAXIAS,CENTRO,BATATAL,LARANJAIS,PORTELA,JAGUAREMBÉ,ESTRADANOVA,BNH,CIDADENOVA"
107,"CIDADENOVA, CENTRO, VINHOSA, PRESIDENTE COSTA ESILVA, GOVERNADORROBERTOSILVEIRA, BOAFORTUNA, AEROPORTO, NITERÓI, SÃOFRANCISCO, FRIGORÍFICO, AVAÍ, ARÉ, CÓRREGODA CHICA, ITAJARA, SÃOSEBASTIÃODA BOAVISTA, COMENDADORVENÂNCIO, RAPOSO, RETIRO DOMURIAÉ, BOAVENTURA, SÃOMATHEUS, NOSSASENHORADA PENHA, SURUBI, TOYAMA, MATADOURO, HORTOFLORESTAL, SANTAMARIA, CAMPOGRANDE, CRUZ DAMOÇA, CÓRREGOSÊCO","CIDADENOVA,CENTRO,VINHOSA,PRESIDENTECOSTAESILVA,GOVERNADORROBERTOSILVEIRA,BOAFORTUNA,AEROPORTO,NITERÓI,SÃOFRANCISCO,FRIGORÍFICO,AVAÍ,ARÉ,CÓRREGODACHICA,ITAJARA,SÃOSEBASTIÃODABOAVISTA,COMENDADORVENÂNCIO,RAPOSO,RETIRODOMURIAÉ,BOAVENTURA,SÃOMATHEUS,NOSSASENHORADAPENHA,SURUBI,TOYAMA,MATADOURO,HORTOFLORESTAL,SANTAMARIA,CAMPOGRANDE,CRUZDAMOÇA,CÓRREGOSÊCO"
108,"CENTRO, LÍDICE, SAO JOAOMARCOS, PASSATRÊS, FAZENDADA GRAMA, GETULÂNDIA, POUSOSECO","CENTRO,LÍDICE,SAOJOAOMARCOS,PASSATRÊS,FAZENDADAGRAMA,GETULÂNDIA,POUSOSECO"
109,"CENTRO, PRAIACAMPISTA, CORREGODO OURO, IMBETIBA, BOTAFOGO, CACHOEIROS DE MACAE, TRAPICHE, SANA, RIVIERAFLUMINENSE, MIRAMAR, VISCONDEDE ARAUJO, GLICERIO, FRADE, COSTA DOSOL, CAVALEIROS, IMBOASSICA, BICUDAPEQUENA, NOVOCAVALEIROS, CAMPO DOOESTE, VIRGEMSANTA, GLORIA, HORTO","CENTRO,PRAIACAMPISTA,CORREGODOOURO,IMBETIBA,BOTAFOGO,CACHOEIROSDEMACAE,TRAPICHE,SANA,RIVIERAFLUMINENSE,MIRAMAR,VISCONDEDEARAUJO,GLICERIO,FRADE,COSTADOSOL,CAVALEIROS,IMBOASSICA,BICUDAPEQUENA,NOVOCAVALEIROS,CAMPODOOESTE,VIRGEMSANTA,GLORIA,HORTO"
110,"CENTRO, TÊNISCLUBE, PIEDADE, FIGUEIRA, NOVAMARILIA, SURUI, SANTADALILA, COVANCA -SURUI, JARDIM DAPAZ, MAUA, IPIRANGA, PRAIA DOANIL, OLARIA, PRAIA DEOLARIA, BARBUDA, BARÃO DOIRIRI, LEQUE AZUL, PARQUEBONEVILLE, SAOFRANCISCO, BAIABRANCA, RIO DOOURO, VILA INCA, SACO, JORORÓ, PARQUEIRIRI, JARDIMESMERALDA, CAPELA, ANDORINHAS, SANTOALEIXO, BNH -GANDE, CITROLÂNDIA","CENTRO,TÊNISCLUBE,PIEDADE,FIGUEIRA,NOVAMARILIA,SURUI,SANTADALILA,COVANCA-SURUI,JARDIMDAPAZ,MAUA,IPIRANGA,PRAIADOANIL,OLARIA,PRAIADEOLARIA,BARBUDA,BARÃODOIRIRI,LEQUEAZUL,PARQUEBONEVILLE,SAOFRANCISCO,BAIABRANCA,RIODOOURO,VILAINCA,SACO,JORORÓ,PARQUEIRIRI,JARDIMESMERALDA,CAPELA,ANDORINHAS,SANTOALEIXO,BNH-GANDE,CITROLÂNDIA"
111,"BENFICA, BIQUINHA, CAMBOTA, CENTRO, FATIMA, CHACRINHA, PONTEFUNDA, MONTED'OURO, PASSAGEM, QUIRINO, BARÃO DEJUPARANÃ, SANTAISABEL, SÃO BENTO, PENTAGNA, SANTAIGNACIA, PARAPEUNA, ALBERTOFURTADO, CONSERVATORIA, PEDROCARLOS, CANTEIRO, SÃOFRANCISCO, PARAISO, LOTEAMENTO RANCHONOVO, APARECIDA, SÃO JOSÉDASPALMEIRAS, JARDIMVALENÇA, OSÓRIO, SERRA DAGLORIA, CHAVES, JOÃOBONITO, SANTACRUZ, VARGINHA, PARQUEPENTAGNA, MANUELDUARTE, TABOAS, COMÉRCIO, ABARRACAMENTO, TRÊS ILHAS","BENFICA,BIQUINHA,CAMBOTA,CENTRO,FATIMA,CHACRINHA,PONTEFUNDA,MONTED'OURO,PASSAGEM,QUIRINO,BARÃODEJUPARANÃ,SANTAISABEL,SÃOBENTO,PENTAGNA,SANTAIGNACIA,PARAPEUNA,ALBERTOFURTADO,CONSERVATORIA,PEDROCARLOS,CANTEIRO,SÃOFRANCISCO,PARAISO,LOTEAMENTORANCHONOVO,APARECIDA,SÃOJOSÉDASPALMEIRAS,JARDIMVALENÇA,OSÓRIO,SERRADAGLORIA,CHAVES,JOÃOBONITO,SANTACRUZ,VARGINHA,PARQUEPENTAGNA,MANUELDUARTE,TABOAS,COMÉRCIO,ABARRACAMENTO,TRÊSILHAS"
112,"CENTRO, SANTATEREZA, PARAÍSO DOTOBIAS, VENDA DASFLORES, RODAGEM, NOVA LAJE, CHACARADOCRUZEIRO","CENTRO,SANTATEREZA,PARAÍSODOTOBIAS,VENDADASFLORES,RODAGEM,NOVALAJE,CHACARADOCRUZEIRO"
116,"CENTRO, SAO BENTO, PARQUEDASPALMEIRAS, BALNEÁRIO, ILHA DAGIPOIA, BONFIM, VILA VELHA, CAMORIM, MARINAS, SAPINHATUBA I, CAMORIMPEQUENO, JACUECANGA, CAPUTERA, MONSUABA, GARATUCAIA, PORTOGALO","CENTRO,SAOBENTO,PARQUEDASPALMEIRAS,BALNEÁRIO,ILHADAGIPOIA,BONFIM,VILAVELHA,CAMORIM,MARINAS,SAPINHATUBAI,CAMORIMPEQUENO,JACUECANGA,CAPUTERA,MONSUABA,GARATUCAIA,PORTOGALO"
118,"CAVALCANTI, ENGENHEIRO LEAL, MADUREIRA, VAZ LOBO, TOMÁSCOELHO, VICENTE DECARVALHO, CASCADURA, OSWALDOCRUZ","CAVALCANTI,ENGENHEIROLEAL,MADUREIRA,VAZLOBO,TOMÁSCOELHO,VICENTEDECARVALHO,CASCADURA,OSWALDOCRUZ"
119,"BARRA DATIJUCA, ALTO DABOA VISTA, ITANHANGÁ, FREGUESIAJPA","BARRADATIJUCA,ALTODABOAVISTA,ITANHANGÁ,FREGUESIAJPA"
120,"SENADORVASCONCELOS, CAMPOGRANDE","SENADORVASCONCELOS,CAMPOGRANDE"
122,"SENADORVASCONCELOS, CAMPOGRANDE, SANTÍSSIMO","SENADORVASCONCELOS,CAMPOGRANDE,SANTÍSSIMO"
123,"ANCHIETA, RICARDODEALBUQUERQUE, DEODORO, PARQUEANCHIETA, REALENGO, MAGALHÃESBASTOS","ANCHIETA,RICARDODEALBUQUERQUE,DEODORO,PARQUEANCHIETA,REALENGO,MAGALHÃESBASTOS"
125,"SANTACRUZ",SANTACRUZ
126,"CAMPOSELÍSEOS, JARDIMPRIMAVERA, CAPIVARI, FIGUEIRA, SARACURUNA, VILA MARIAHELENA","CAMPOSELÍSEOS,JARDIMPRIMAVERA,CAPIVARI,FIGUEIRA,SARACURUNA,VILAMARIAHELENA"
127,"SANTALÚCIA, IMBARIÊ, VILA EMA, JARDIMANHANGÁ, PARADAANGÉLICA, PARQUEEQUITATIVA, PARQUEPAULISTA, NOVACAMPINAS, TAQUARA, CRISTÓVÃOCOLOMBO, JARDIMBARROBRANCO, JARDIMROTSEN, PARADAMORABI","SANTALÚCIA,IMBARIÊ,VILAEMA,JARDIMANHANGÁ,PARADAANGÉLICA,PARQUEEQUITATIVA,PARQUEPAULISTA,NOVACAMPINAS,TAQUARA,CRISTÓVÃOCOLOMBO,JARDIMBARROBRANCO,JARDIMROTSEN,PARADAMORABI"
128,"FRANGODOURADO, PARQUEELDORADO, SANTACRUZ DASERRA, XERÉM, MANTIQUIRA, SANTOANTONIO, VILACANAAN, VILABONANÇA, JARDIM SAOLOURENCO, CHACARASARCAMPO, BARREIRO","FRANGODOURADO,PARQUEELDORADO,SANTACRUZDASERRA,XERÉM,MANTIQUIRA,SANTOANTONIO,VILACANAAN,VILABONANÇA,JARDIMSAOLOURENCO,CHACARASARCAMPO,BARREIRO"
129,"URURAI, USINA DOQUEIMADO, CARVAO, USINASANTACRUZ, CANTAGALO, ITERERE, PONTA DALAMA, CAIXETA -IBITIOCA 10oDISTRITO, TAPERA, PARQUEFUNDAO, PARQUESÃO JOSE, PARQUEGUARUS, USINASAPUCAIA, PARQUESANTAHELENA, PARQUECIDADE LUZ, MORANGABA, MOCOTODO IMBE, LAGOA DECIMA, SANTOAMARO -FAZENDAAGUA FRIA, PENHA -FAZENDACHALITA, IBITIOCA, DORES DEMACABU, GURIRI, SERRINHA, QUILOMBO, PERNAMBUCA, TRESVENDAS, PARQUEALDEIA, PARQUELEBRET, PARQUESÃOMATEUS, PARQUESAOMATEUS, CONCEIÇÃODO IMBE","URURAI,USINADOQUEIMADO,CARVAO,USINASANTACRUZ,CANTAGALO,ITERERE,PONTADALAMA,CAIXETA-IBITIOCA10oDISTRITO,TAPERA,PARQUEFUNDAO,PARQUESÃOJOSE,PARQUEGUARUS,USINASAPUCAIA,PARQUESANTAHELENA,PARQUECIDADELUZ,MORANGABA,MOCOTODOIMBE,LAGOADECIMA,SANTOAMARO-FAZENDAAGUAFRIA,PENHA-FAZENDACHALITA,IBITIOCA,DORESDEMACABU,GURIRI,SERRINHA,QUILOMBO,PERNAMBUCA,TRESVENDAS,PARQUEALDEIA,PARQUELEBRET,PARQUESÃOMATEUS,PARQUESAOMATEUS,CONCEIÇÃODOIMBE"
130,"GARGAU, BOMJARDIM, CAMPONOVO, ESTREITO, GUAXINDIBA, FLORESTA, IMBURI DECAMPOS, MACUCO, MORROALEGRE, PINGOD'AGUA, PONTO DECACIMBAS, CENTRO, AMONTADO, BARRA DOITABAPOANA, COREIA DOSUL, BOM LUGAR, BREJOGRANDE, BUENA, GUARIXIMA, TRAVESSAODE BARRA, BOA SORTE, CARRAPATO, DESERTOFELIZ, LADEIRADASPEDRAS, PRACAJOAOPESSOA, SANTALUZIA, VALAOSECO, SOSSEGO, BOA VISTA, ARUEIRA, SANTOAMARO, SANTACLARA, ALEGRIADOS ANJOS, MORRO DOBODE","GARGAU,BOMJARDIM,CAMPONOVO,ESTREITO,GUAXINDIBA,FLORESTA,IMBURIDECAMPOS,MACUCO,MORROALEGRE,PINGOD'AGUA,PONTODECACIMBAS,CENTRO,AMONTADO,BARRADOITABAPOANA,COREIADOSUL,BOMLUGAR,BREJOGRANDE,BUENA,GUARIXIMA,TRAVESSAODEBARRA,BOASORTE,CARRAPATO,DESERTOFELIZ,LADEIRADASPEDRAS,PRACAJOAOPESSOA,SANTALUZIA,VALAOSECO,SOSSEGO,BOAVISTA,ARUEIRA,SANTOAMARO,SANTACLARA,ALEGRIADOSANJOS,MORRODOBODE"
131,"VILA SANTACECÍLIA, TANGERINAL, CONFORTO, EUCALIPTAL, SÃOCRISTÓVÃO, PONTEALTA, SESSENTA, SÃO LUCAS, MINERLÂNDIA, LARANJAL, JARDIMTIRADENTES, ROMA II, CASA DEPEDRA, JARDIM VILARICA, JARDIMAMÁLIA, ÁGUA LIMPA, VOLTAGRANDE, SÃOGERALDO, ATERRADO, CAIEIRA, VILAAMERICANA, JARDIMNORMÂNDIA, SANTOAGOSTINHO, VILA RICA -TRÊSPOÇOS","VILASANTACECÍLIA,TANGERINAL,CONFORTO,EUCALIPTAL,SÃOCRISTÓVÃO,PONTEALTA,SESSENTA,SÃOLUCAS,MINERLÂNDIA,LARANJAL,JARDIMTIRADENTES,ROMAII,CASADEPEDRA,JARDIMVILARICA,JARDIMAMÁLIA,ÁGUALIMPA,VOLTAGRANDE,SÃOGERALDO,ATERRADO,CAIEIRA,VILAAMERICANA,JARDIMNORMÂNDIA,SANTOAGOSTINHO,VILARICA-TRÊSPOÇOS"
132,"MONJOLO, SANTALUZIA, LARANJAL, JARDIMCATARINA, VISTAALEGRE, MARAMBAIA, GUAXINDIBA, APOLO III","MONJOLO,SANTALUZIA,LARANJAL,JARDIMCATARINA,VISTAALEGRE,MARAMBAIA,GUAXINDIBA,APOLOIII"
133,"AMENDOEIRA, SANTAISABEL, PACHECO, SACRAMENTO, LARANJAL, JARDIMALCÂNTARA, ALCÂNTARA, LAGOINHA, RAUL VEIGA, COLUBANDE, MIRIAMBI, VILA TRÊS","AMENDOEIRA,SANTAISABEL,PACHECO,SACRAMENTO,LARANJAL,JARDIMALCÂNTARA,ALCÂNTARA,LAGOINHA,RAULVEIGA,COLUBANDE,MIRIAMBI,VILATRÊS"
135,"CENTRO, ROCHA, COLUBANDE, GALOBRANCO, AGUAMINERAL, ALCÂNTARA, MUTONDO, SAO MIGUEL, TRINDADE, NOVACIDADE, ITAÚNA","CENTRO,ROCHA,COLUBANDE,GALOBRANCO,AGUAMINERAL,ALCÂNTARA,MUTONDO,SAOMIGUEL,TRINDADE,NOVACIDADE,ITAÚNA"
138,"FANCHEM, PARAISO, CENTRO, SANTACATARINA, CAMARIM, VILAPACAEMBU, VILA DOTINGUÁ, VILA SAOJOAO, FLESMAM, SÃOCRISTÓVÃO, VALDARIOSA, JARDIMALZIRA, SÃO ROQUE, NOSSASENHORADA GLORIA, CAMPO DABANHA, BELMONTE, JARDIM DAFONTE, PRIMAVERA, VILAGUIMARÃES, SAO MIGUEL, SANTOEXPEDITO, INCONFIDENCIA, VILACENTRAL, NOVACIDADE, VILAAMERICANA, TRESFONTES, SÃOFRANCISCO, PARQUESAOBARTOLOMEU, VILACOIMBRA, SÃO JORGE","FANCHEM,PARAISO,CENTRO,SANTACATARINA,CAMARIM,VILAPACAEMBU,VILADOTINGUÁ,VILASAOJOAO,FLESMAM,SÃOCRISTÓVÃO,VALDARIOSA,JARDIMALZIRA,SÃOROQUE,NOSSASENHORADAGLORIA,CAMPODABANHA,BELMONTE,JARDIMDAFONTE,PRIMAVERA,VILAGUIMARÃES,SAOMIGUEL,SANTOEXPEDITO,INCONFIDENCIA,VILACENTRAL,NOVACIDADE,VILAAMERICANA,TRESFONTES,SÃOFRANCISCO,PARQUESAOBARTOLOMEU,VILACOIMBRA,SÃOJORGE"
139,"CENTRO, CHACRINHA, NOVABELEM, ENGENHEIRO PEDREIRA, CENTROENGPEDREIRA, PARQUEMUCAJA, SAO JORGEENGPEDREIRA, COSME EDAMIAO, PEDRA LISA, JARDIMMARAJOARA, VILA SANTAAMELIA, SANTATEREZINHA, JARDIMAMARALINA, ALECRIM, JARDIMDELAMARE, VILACENTRAL, RIO D'OURO","CENTRO,CHACRINHA,NOVABELEM,ENGENHEIROPEDREIRA,CENTROENGPEDREIRA,PARQUEMUCAJA,SAOJORGEENGPEDREIRA,COSMEEDAMIAO,PEDRALISA,JARDIMMARAJOARA,VILASANTAAMELIA,SANTATEREZINHA,JARDIMAMARALINA,ALECRIM,JARDIMDELAMARE,VILACENTRAL,RIOD'OURO"
14,"ENCANTADO, ENGENHODE DENTRO, PIEDADE, CASCADURA, QUINTINOBOCAIUVA, CAVALCANTI, PILARES, ABOLIÇÃO, TOMÁSCOELHO","ENCANTADO,ENGENHODEDENTRO,PIEDADE,CASCADURA,QUINTINOBOCAIUVA,CAVALCANTI,PILARES,ABOLIÇÃO,TOMÁSCOELHO"
141,"CENTRO, CACHOEIRO, DOUTORMATTOS, SAO LUIZ, SAOJOAQUIM, USINA DEOUTEIRO, GUARNERE, SAOCAETANO, SAO PEDRODO PARAISO, CIMENTOPARAISO","CENTRO,CACHOEIRO,DOUTORMATTOS,SAOLUIZ,SAOJOAQUIM,USINADEOUTEIRO,GUARNERE,SAOCAETANO,SAOPEDRODOPARAISO,CIMENTOPARAISO"
144,"BARRETO, TENENTEJARDIM, ENGENHOCA, SANTAROSA, FONSECA, CUBANGO, BALDEADOR","BARRETO,TENENTEJARDIM,ENGENHOCA,SANTAROSA,FONSECA,CUBANGO,BALDEADOR"
146,"PRAIA DOSANJOS, PRAIAGRANDE, CENTRO, FIGUEIRA, MONTEALTO, PRAINHA, VILAINDUSTRIAL, PERNAMBUCA","PRAIADOSANJOS,PRAIAGRANDE,CENTRO,FIGUEIRA,MONTEALTO,PRAINHA,VILAINDUSTRIAL,PERNAMBUCA"
147,"FRADE, BRACUI, SERRAD'AGUA, ENSEADA, PONTAL, JAPUIBA, VILAHISTORICADEMAMBUCABA, PRAIABRAVA, PARQUEMAMBUCABA, ILHAGRANDE, AREAL, CAMPOBELO, PARQUEBELEM, GAMBOA DOBELÉM, BANQUETA, MORRO DACRUZ","FRADE,BRACUI,SERRAD'AGUA,ENSEADA,PONTAL,JAPUIBA,VILAHISTORICADEMAMBUCABA,PRAIABRAVA,PARQUEMAMBUCABA,ILHAGRANDE,AREAL,CAMPOBELO,PARQUEBELEM,GAMBOADOBELÉM,BANQUETA,MORRODACRUZ"
148,"FRAGOSO, PIABETÁ, CENTRO, PARQUEHUMAITA, VILARECREIO, RAIZ DASERRA, PONTEPRETA, CACHOEIRAGRANDE, PARQUEESTRELA, PAUGRANDE, MAURIMARCIA, PARQUESANTANA, VILARAQUEL, PARQUECAÇULA, JARDIM SAOPAULO, JARDIMNAZARENO, PARQUEPARANHOS, ILHA, PARQUEDOSARTISTAS","FRAGOSO,PIABETÁ,CENTRO,PARQUEHUMAITA,VILARECREIO,RAIZDASERRA,PONTEPRETA,CACHOEIRAGRANDE,PARQUEESTRELA,PAUGRANDE,MAURIMARCIA,PARQUESANTANA,VILARAQUEL,PARQUECAÇULA,JARDIMSAOPAULO,JARDIMNAZARENO,PARQUEPARANHOS,ILHA,PARQUEDOSARTISTAS"
149,"CENTRO, PARADAMODELO, VALE DASPEDRINHAS, PARADAIDEAL, ORINDI, QUINTAMARIANA, MONTEOLIVETI, VILAOLIMPIA, PARAÍSO, PARQUESANTAEUGENIA, CORDOVIL, VALE DOJEQUITIBÁ, ICONHA, CANECAFINA","CENTRO,PARADAMODELO,VALEDASPEDRINHAS,PARADAIDEAL,ORINDI,QUINTAMARIANA,MONTEOLIVETI,VILAOLIMPIA,PARAÍSO,PARQUESANTAEUGENIA,CORDOVIL,VALEDOJEQUITIBÁ,ICONHA,CANECAFINA"
150,"CENTRO, CHATUBA, EDSONPASSOS, PRESIDENTEJUSCELINO, COREIA, SANTATEREZINHA","CENTRO,CHATUBA,EDSONPASSOS,PRESIDENTEJUSCELINO,COREIA,SANTATEREZINHA"
151,"SAPÊ, JARDIMIDÁLIA, MANILHA, MORADA DOSOL, SANTOANTÔNIO, JARDIMITAMBI, ITAMBI, APOLO II, NOVOHORIZONTE, ALDEIA DAPRATA, VILA BRASIL, SAMBAETIBA, MURIQUI, PINHÃO, GRANJASMIRASSOL, PACHECOS, AMPLIAÇÃO, VILACORTES, SANTOANTONIO, POSSE DOSCOUTINHOS, PEROBAS, IPITANGAS, CABUÇU, CURUZU, SÃO JOSÉ, VILA VERDE, GRANJASCABUÇU, GRANDERIO, MARAMBAIA, PARQUEAURORA, MONTEVERDE, JARDIMFLUMINENSE, MUTUAPIRA, CABUIS, BANDEIRANTE I, AGROBRASIL, DUQUES, BANDEIRANTE II, BADURECO, VILAGABRIELA, JOÃOCAETANO, GEBARA","SAPÊ,JARDIMIDÁLIA,MANILHA,MORADADOSOL,SANTOANTÔNIO,JARDIMITAMBI,ITAMBI,APOLOII,NOVOHORIZONTE,ALDEIADAPRATA,VILABRASIL,SAMBAETIBA,MURIQUI,PINHÃO,GRANJASMIRASSOL,PACHECOS,AMPLIAÇÃO,VILACORTES,SANTOANTONIO,POSSEDOSCOUTINHOS,PEROBAS,IPITANGAS,CABUÇU,CURUZU,SÃOJOSÉ,VILAVERDE,GRANJASCABUÇU,GRANDERIO,MARAMBAIA,PARQUEAURORA,MONTEVERDE,JARDIMFLUMINENSE,MUTUAPIRA,CABUIS,BANDEIRANTEI,AGROBRASIL,DUQUES,BANDEIRANTEII,BADURECO,VILAGABRIELA,JOÃOCAETANO,GEBARA"
152,"VILAHERMINIAMAIA, JARDIMBOMPASTOR, JARDIMGLAUCIA, SANTAAMELIA, BAIRRO DASGRACAS, PARQUESAOBERNARDO, BARROVERMELHO, NOVA PIAM, PARQUESAO JOSE, SANTATEREZA, JARDIMREDENTOR, VILAR NOVO, VILAPAULINE","VILAHERMINIAMAIA,JARDIMBOMPASTOR,JARDIMGLAUCIA,SANTAAMELIA,BAIRRODASGRACAS,PARQUESAOBERNARDO,BARROVERMELHO,NOVAPIAM,PARQUESAOJOSE,SANTATEREZA,JARDIMREDENTOR,VILARNOVO,VILAPAULINE"
153,"LOTE XV, JARDIM DOIPE, WONA, PARQUEFLUMINENSE, PARQUESAOVICENTE, SARGENTORONCALLI, VASCO, PARQUEAFONSO, PARQUEESPERANCA, MARINGA, PARQUEAMORIM, VALE DASMANGUEIRAS, VARZEA DAALEGRIA","LOTEXV,JARDIMDOIPE,WONA,PARQUEFLUMINENSE,PARQUESAOVICENTE,SARGENTORONCALLI,VASCO,PARQUEAFONSO,PARQUEESPERANCA,MARINGA,PARQUEAMORIM,VALEDASMANGUEIRAS,VARZEADAALEGRIA"
154,"AREIABRANCA, CENTRO, SAOBERNARDO, PIAM, NOVA PIAM, PRATA, JARDIMSANTAMARIA, HELIOPOLIS, SUBLIME, ANDRADEARAÚJO","AREIABRANCA,CENTRO,SAOBERNARDO,PIAM,NOVAPIAM,PRATA,JARDIMSANTAMARIA,HELIOPOLIS,SUBLIME,ANDRADEARAÚJO"
155,"ITAIPU, XAVANTE, HELIOPOLIS, NOVAAURORA, JARDIMAMERICA, SAOFRANCISCO, SHANGRILA, RECANTUS, ANDRADEARAUJO, BELA VISTA, VILAHELIOPOLIS","ITAIPU,XAVANTE,HELIOPOLIS,NOVAAURORA,JARDIMAMERICA,SAOFRANCISCO,SHANGRILA,RECANTUS,ANDRADEARAUJO,BELAVISTA,VILAHELIOPOLIS"
156,"FIGUEIRAS, JARDIMCORUMBA, SANTA RITA, TINGUA, VILA DECAVA, NOVABRASILIA, VILAIGUACUANA, JOSEBULHOES, RIO D'OURO, ADRIANOPOLIS, JARDIMSANTA RITA, AUTODROMO, PARQUEGENECIANOLUZ, GRAMA, JACERUBA, IGUACUVELHO, CIDADEJARDIMPARQUEESTORIL, PARQUEALVORADA, MIGUELCOUTO, AMBAI, PRATA, JARDIM BOAESPERANCA","FIGUEIRAS,JARDIMCORUMBA,SANTARITA,TINGUA,VILADECAVA,NOVABRASILIA,VILAIGUACUANA,JOSEBULHOES,RIOD'OURO,ADRIANOPOLIS,JARDIMSANTARITA,AUTODROMO,PARQUEGENECIANOLUZ,GRAMA,JACERUBA,IGUACUVELHO,CIDADEJARDIMPARQUEESTORIL,PARQUEALVORADA,MIGUELCOUTO,AMBAI,PRATA,JARDIMBOAESPERANCA"
157,"CRUZEIRODO SUL, ANDRADEARAUJO, VILACAMARI, POSSE, PRATA, RANCHONOVO, PARQUEFLORA, KENNEDY, CAIOABA, VILAOPERARIA, JARDIMTROPICAL, JARDIMESPLANADA, NOVAAMERICA, VILAIRACEMA, CARMARY","CRUZEIRODOSUL,ANDRADEARAUJO,VILACAMARI,POSSE,PRATA,RANCHONOVO,PARQUEFLORA,KENNEDY,CAIOABA,VILAOPERARIA,JARDIMTROPICAL,JARDIMESPLANADA,NOVAAMERICA,VILAIRACEMA,CARMARY"
158,"RODILÂNDIA, AUSTIN, BAIRROBOTAFOGO, PONTOCHIC, COBREX, POSSE, CACUIA, GRAJAU, CERÂMICA, RIACHÃO, CENTRO DEAUSTIN, INCONFIDÊNCIA","RODILÂNDIA,AUSTIN,BAIRROBOTAFOGO,PONTOCHIC,COBREX,POSSE,CACUIA,GRAJAU,CERÂMICA,RIACHÃO,CENTRODEAUSTIN,INCONFIDÊNCIA"
159,"JD CANAAN, LUZ, COMENDADOR SOARES, JARDIMIGUAÇU, OUROPRETO, ROSA DOSVENTOS, JARDIMAYMORÉ, JARDIMPERNAMBUCO","JDCANAAN,LUZ,COMENDADORSOARES,JARDIMIGUAÇU,OUROPRETO,ROSADOSVENTOS,JARDIMAYMORÉ,JARDIMPERNAMBUCO"
16,"COSMEVELHO, LARANJEIRAS, SANTATERESA, CATETE, GLÓRIA, BAIRRO DEFÁTIMA, LAPA, CATUMBI","COSMEVELHO,LARANJEIRAS,SANTATERESA,CATETE,GLÓRIA,BAIRRODEFÁTIMA,LAPA,CATUMBI"
161,"BONSUCESSO, RAMOS","BONSUCESSO,RAMOS"
162,"BRÁS DEPINA, CORDOVIL, PARADA DELUCAS, PENHA, OLARIA, PENHACIRCULAR, RAMOS","BRÁSDEPINA,CORDOVIL,PARADADELUCAS,PENHA,OLARIA,PENHACIRCULAR,RAMOS"
167,"ANCHIETA, COSTABARROS, PAVUNA, RICARDODEALBUQUERQUE","ANCHIETA,COSTABARROS,PAVUNA,RICARDODEALBUQUERQUE"
169,"HIGIENÓPOLIS, INHAUMA, DELCASTILHO, MANGUINHOS, MARIA DAGRAÇA, BENFICA, MANGUEIRA, TRIAGEM","HIGIENÓPOLIS,INHAUMA,DELCASTILHO,MANGUINHOS,MARIADAGRAÇA,BENFICA,MANGUEIRA,TRIAGEM"
17,"LEBLON, GÁVEA, IPANEMA, COPACABANA, LAGOA","LEBLON,GÁVEA,IPANEMA,COPACABANA,LAGOA"
170,"ANDARAÍ, VILA ISABEL, TIJUCA, GRAJAÚ, MARACANÃ","ANDARAÍ,VILAISABEL,TIJUCA,GRAJAÚ,MARACANÃ"
172,"MANGUINHOS, RASA, CENTRO, FERRADURA, SAO JOSE, CEMBRACAS, GERIBA, VILA VERDE","MANGUINHOS,RASA,CENTRO,FERRADURA,SAOJOSE,CEMBRACAS,GERIBA,VILAVERDE"
174,"ALBERTOTORRES, CENTRO, VILADANTAS, FAZENDAVELHA, CAIXAD'ÁGUA, TRIÂNGULO, MONTECASTELO, MOURABRASIL, PONTE DASGARÇAS, VILA ISABEL, BEMPOSTA, HERMOGÊNIO SILVA, PILÕES, PONTOAZUL, PURIZ, BOA UNIÃO, CIDADENOVA, SANTATERESINHA, CÓRREGOSUJO, LADEIRADASPALMEIRAS, JARDIMPRIMAVERA, AMAZONAS","ALBERTOTORRES,CENTRO,VILADANTAS,FAZENDAVELHA,CAIXAD'ÁGUA,TRIÂNGULO,MONTECASTELO,MOURABRASIL,PONTEDASGARÇAS,VILAISABEL,BEMPOSTA,HERMOGÊNIOSILVA,PILÕES,PONTOAZUL,PURIZ,BOAUNIÃO,CIDADENOVA,SANTATERESINHA,CÓRREGOSUJO,LADEIRADASPALMEIRAS,JARDIMPRIMAVERA,AMAZONAS"
176,"JARDIMAMÉRICA, PARADA DELUCAS, VIGÁRIOGERAL, VILA DAPENHA, VISTAALEGRE, CORDOVIL, BRÁS DEPINA","JARDIMAMÉRICA,PARADADELUCAS,VIGÁRIOGERAL,VILADAPENHA,VISTAALEGRE,CORDOVIL,BRÁSDEPINA"
179,"CIDADE DEDEUS, PECHINCHA, RIO DASPEDRAS, ANIL, GARDENIAAZUL","CIDADEDEDEUS,PECHINCHA,RIODASPEDRAS,ANIL,GARDENIAAZUL"
180,"TANQUE, TAQUARA","TANQUE,TAQUARA"
181,"CENTRO, SAPEATIBAMIRIM, CIDADENOVA, SAO MIGUEL, ESTACAO, PEDREIRA, VILA NOVA, IGUABAPEQUENA, PARQUETAMARIZ, JARDIMSOLARES, CANELASCITY","CENTRO,SAPEATIBAMIRIM,CIDADENOVA,SAOMIGUEL,ESTACAO,PEDREIRA,VILANOVA,IGUABAPEQUENA,PARQUETAMARIZ,JARDIMSOLARES,CANELASCITY"
182,"CURICICA, TAQUARA","CURICICA,TAQUARA"
183,"CENTRO, RIBEIRÃODE SÃOJOAQUIM, FALCÃO, NOSSASENHORADOROSÁRIO, BULHÕES(SANTOANTÔNIO), CENTRO(PORTOREAL), BAIRRO DEFÁTIMA(RIBEIRA DADIVISA), JARDIMREAL(JARDIMPORTOREAL), FREITASSOARES(PARQUEFREITASSOARES), JARDIM DASACÁCIAS, BNH (NOVOHORIZONTE)","CENTRO,RIBEIRÃODESÃOJOAQUIM,FALCÃO,NOSSASENHORADOROSÁRIO,BULHÕES(SANTOANTÔNIO),CENTRO(PORTOREAL),BAIRRODEFÁTIMA(RIBEIRADADIVISA),JARDIMREAL(JARDIMPORTOREAL),FREITASSOARES(PARQUEFREITASSOARES),JARDIMDASACÁCIAS,BNH(NOVOHORIZONTE)"
184,"BALNEÁRIOREMANSO, CANTAGALO, OPERÁRIO, CENTRO, EXTENSÃODO BOSQUE, ROCHALEÃO, BOCA DABARRA, MAR DONORTE, JARDIMMARILEA, NOVAESPERANÇA, JARDIMCAMPOMAR, NOVACIDADE, COSTAZUL, SERRAMAR, RECANTO, ÂNCORA, CIDADEBEIRA MAR, RECREIO, LIBERDADE, REDUTO DAPAZ, VILLAGE RIODASOSTRAS, CIDADEPRAIANA, PARQUEZABULÃO","BALNEÁRIOREMANSO,CANTAGALO,OPERÁRIO,CENTRO,EXTENSÃODOBOSQUE,ROCHALEÃO,BOCADABARRA,MARDONORTE,JARDIMMARILEA,NOVAESPERANÇA,JARDIMCAMPOMAR,NOVACIDADE,COSTAZUL,SERRAMAR,RECANTO,ÂNCORA,CIDADEBEIRAMAR,RECREIO,LIBERDADE,REDUTODAPAZ,VILLAGERIODASOSTRAS,CIDADEPRAIANA,PARQUEZABULÃO"
185,"CAMPINHO, PRAÇASECA, JARDIMSULACAP, VILAVALQUEIRE, BENTORIBEIRO, CAMPO DOSAFONSOS","CAMPINHO,PRAÇASECA,JARDIMSULACAP,VILAVALQUEIRE,BENTORIBEIRO,CAMPODOSAFONSOS"
186,"VENDAVELHA, PARQUEANALANDIA, PARQUEARARUAMA, PARQUEJOSEBONIFACIO, PARQUENOVO RIO, PARQUEMIRIM, JARDIMSUMARE, VILA SAOJOSE, VILARFORMOSO, JARDIMOLAVOBILAC, CENTRO","VENDAVELHA,PARQUEANALANDIA,PARQUEARARUAMA,PARQUEJOSEBONIFACIO,PARQUENOVORIO,PARQUEMIRIM,JARDIMSUMARE,VILASAOJOSE,VILARFORMOSO,JARDIMOLAVOBILAC,CENTRO"
187,"COELHO DAROCHA, PRACA DABANDEIRA, JARDIMMETRÓPOLE, GRANDERIO, ENGENHEIRO BELFORD, VILA ROSALI, VILATIRADENTES, AGOSTINHOPORTO","COELHODAROCHA,PRACADABANDEIRA,JARDIMMETRÓPOLE,GRANDERIO,ENGENHEIROBELFORD,VILAROSALI,VILATIRADENTES,AGOSTINHOPORTO"
188,"PENHA, BRÁS DEPINA, PENHACIRCULAR, VILA DAPENHA, IRAJÁ, VILAKOSMOS, VICENTE DECARVALHO","PENHA,BRÁSDEPINA,PENHACIRCULAR,VILADAPENHA,IRAJÁ,VILAKOSMOS,VICENTEDECARVALHO"
191,"BANCÁRIOS, DENDE, FREGUESIA(ILHA DOGOVERNADOR), MONERÓ, TAUÁ, GUARABU, ZUMBI, COCOTÁ, CACUIA, RIBEIRA","BANCÁRIOS,DENDE,FREGUESIA(ILHADOGOVERNADOR),MONERÓ,TAUÁ,GUARABU,ZUMBI,COCOTÁ,CACUIA,RIBEIRA"
192,"FUNDÃO, GALEÃO, JARDIMGUANABARA, PORTUGUESA, TUBIACANGA","FUNDÃO,GALEÃO,JARDIMGUANABARA,PORTUGUESA,TUBIACANGA"
195,"ALTO, BAIRRO DEFÁTIMA, SÃO PEDRO, GRANJAGUARANI, JARDIMMEUDOM, MORRO DOTIRO, MEUDON, ANDRADAS, PESSEGUEIROS, PONTENOVA, PROVIDÊNCIA, SEBASTIANA, SANTA RITA, SERRA DOCAPIM, TRÊSCÓRREGOS, ÁGUAQUENTE, BONSUCESSO, VALEALPINO, IMBIÚ, INDEP.MOTAS, VARGEMGRANDE, VENDANOVA, VIEIRA, VISTAALEGRE, MOTAS, CRUZEIRO, SANTAROSA, CAMPOLIMPO, SANTACECÍLIA, BARROSO, FAZENDAALPINA, CASCATAGUARANI","ALTO,BAIRRODEFÁTIMA,SÃOPEDRO,GRANJAGUARANI,JARDIMMEUDOM,MORRODOTIRO,MEUDON,ANDRADAS,PESSEGUEIROS,PONTENOVA,PROVIDÊNCIA,SEBASTIANA,SANTARITA,SERRADOCAPIM,TRÊSCÓRREGOS,ÁGUAQUENTE,BONSUCESSO,VALEALPINO,IMBIÚ,INDEP.MOTAS,VARGEMGRANDE,VENDANOVA,VIEIRA,VISTAALEGRE,MOTAS,CRUZEIRO,SANTAROSA,CAMPOLIMPO,SANTACECÍLIA,BARROSO,FAZENDAALPINA,CASCATAGUARANI"
196,"CONTENDAS, CENTRO, POUSOALEGRE, ROÇADINHO, PARADAMORELLI, BARRINHA, ÁGUASCLARAS, JAGUARA, BOA VISTA","CONTENDAS,CENTRO,POUSOALEGRE,ROÇADINHO,PARADAMORELLI,BARRINHA,ÁGUASCLARAS,JAGUARA,BOAVISTA"
198,"PENEDO, CAMPOALEGRE, CENTRO, VILA ODETE, MAROMBA, VILAFLÓRIDA, COMERCIAL, CAMPOSELÍSEOS, ALAMBARI, FAZENDADA BARRA 2, PARAÍSO, SÃOCAETANO, SERRINHA, ENGENHEIRO PASSOS, CAPELINHA, VISCONDEDE MAUÁ, VARGEMGRANDE, VILA DAFUMACA, CABRAL, FAZENDADA BARRA 3, JARDIMITATIAIA, BAGAGEM, FAZENDADA BARRA","PENEDO,CAMPOALEGRE,CENTRO,VILAODETE,MAROMBA,VILAFLÓRIDA,COMERCIAL,CAMPOSELÍSEOS,ALAMBARI,FAZENDADABARRA2,PARAÍSO,SÃOCAETANO,SERRINHA,ENGENHEIROPASSOS,CAPELINHA,VISCONDEDEMAUÁ,VARGEMGRANDE,VILADAFUMACA,CABRAL,FAZENDADABARRA3,JARDIMITATIAIA,BAGAGEM,FAZENDADABARRA"
199,"VILAPROGRESSO, MARIAPAULA, ITACOATIARA, ITAIPU, PIRATININGA, RIO DOOURO, ENGENHODO MATO, VÁRZEADAS MOÇAS, SERRAGRANDE, CAMBOINHAS, CAFUBÁ","VILAPROGRESSO,MARIAPAULA,ITACOATIARA,ITAIPU,PIRATININGA,RIODOOURO,ENGENHODOMATO,VÁRZEADASMOÇAS,SERRAGRANDE,CAMBOINHAS,CAFUBÁ"
200,"SANTATERESA, PARQUEPAULICÉIA, VILA SÃOLUIS, JARDIMGUANABARA, ITATIAIA, PAULICÉIA, CENTRO, VILAITAMARATI, 25 DEAGOSTO, PARQUEDASMISSÕES, PARQUEBEIRA MAR, JARDIM 25DE AGOSTO, PARQUEFELICIDADE, PARQUESANTAMARTA, BEIRA MAR","SANTATERESA,PARQUEPAULICÉIA,VILASÃOLUIS,JARDIMGUANABARA,ITATIAIA,PAULICÉIA,CENTRO,VILAITAMARATI,25DEAGOSTO,PARQUEDASMISSÕES,PARQUEBEIRAMAR,JARDIM25DEAGOSTO,PARQUEFELICIDADE,PARQUESANTAMARTA,BEIRAMAR"
201,"CENTRO, OLINDA, CABRAL, NOSSASENHORADE FÁTIMA","CENTRO,OLINDA,CABRAL,NOSSASENHORADEFÁTIMA"
204,"CENTRO, CIDADENOVA, SANTOCRISTO, SÃOCRISTÓVÃO, CAJU, PAQUETÁ, SAUDE","CENTRO,CIDADENOVA,SANTOCRISTO,SÃOCRISTÓVÃO,CAJU,PAQUETÁ,SAUDE"
21,"RAMOS, BONSUCESSO, TOMÁSCOELHO, ENGENHODA RAINHA, INHAUMA, TOMASCOELHO, OLARIA","RAMOS,BONSUCESSO,TOMÁSCOELHO,ENGENHODARAINHA,INHAUMA,TOMASCOELHO,OLARIA"
211,"GÁVEA, VIDIGAL, SÃOCONRADO, LAGOA, JARDIMBOTÂNICO","GÁVEA,VIDIGAL,SÃOCONRADO,LAGOA,JARDIMBOTÂNICO"
214,"MEIER, LINS DEVASCONCELOS, ROCHA, ENGENHODE DENTRO, ENGENHONOVO, TODOS OSSANTOS, RIACHUELO, SÃOFRANCISCOXAVIER","MEIER,LINSDEVASCONCELOS,ROCHA,ENGENHODEDENTRO,ENGENHONOVO,TODOSOSSANTOS,RIACHUELO,SÃOFRANCISCOXAVIER"
216,"CACHAMBI, DELCASTILHO, ENGENHODE DENTRO, MEIER, TODOS OSSANTOS, ENGENHODA RAINHA, INHAUMA","CACHAMBI,DELCASTILHO,ENGENHODEDENTRO,MEIER,TODOSOSSANTOS,ENGENHODARAINHA,INHAUMA"
218,"VAZ LOBO, MADUREIRA, TURIAÇÚ, IRAJÁ, ROCHAMIRANDA, MARECHALHERMES, HONÓRIOGURGEL, BENTORIBEIRO, OSWALDOCRUZ","VAZLOBO,MADUREIRA,TURIAÇÚ,IRAJÁ,ROCHAMIRANDA,MARECHALHERMES,HONÓRIOGURGEL,BENTORIBEIRO,OSWALDOCRUZ"
219,"COELHONETO, COLÉGIO, ROCHAMIRANDA, HONÓRIOGURGEL, COSTABARROS, BARROSFILHO, PAVUNA","COELHONETO,COLÉGIO,ROCHAMIRANDA,HONÓRIOGURGEL,COSTABARROS,BARROSFILHO,PAVUNA"
22,"COLÉGIO, IRAJÁ, VILA DAPENHA, PARQUECOLÚMBIA, PAVUNA, ACARI","COLÉGIO,IRAJÁ,VILADAPENHA,PARQUECOLÚMBIA,PAVUNA,ACARI"
221,"CABUIS, CENTRO, PAIOL, OLINDA, NOVACIDADE, NOVOHORIZONTE","CABUIS,CENTRO,PAIOL,OLINDA,NOVACIDADE,NOVOHORIZONTE"
222,"RIOGRANDINA, CAMPO DOCOELHO, CONQUISTA, SANTACRUZ, SÃOLOURENÇO, AMPARO, GALDINÓPOLIS, MACAÉ DECIMA, RIO BONITO, BOAESPERANÇA, LUMIAR, VARGEMALTA, SÃO PEDRODA SERRA, PRADO, CONSELHEIRO PAULINO, STUCKY, CARDINOT, PARQUEMARIATERESA, JANELA DASANDORINHAS, JARDIMCALIFÓRNIA, PILÕES, BARRACÃODOSMENDES, SALINAS, COLONIAL61, JARDINLÂNDIA, OLARIA, MURY, CASCATINHA, CÔNEGO","RIOGRANDINA,CAMPODOCOELHO,CONQUISTA,SANTACRUZ,SÃOLOURENÇO,AMPARO,GALDINÓPOLIS,MACAÉDECIMA,RIOBONITO,BOAESPERANÇA,LUMIAR,VARGEMALTA,SÃOPEDRODASERRA,PRADO,CONSELHEIROPAULINO,STUCKY,CARDINOT,PARQUEMARIATERESA,JANELADASANDORINHAS,JARDIMCALIFÓRNIA,PILÕES,BARRACÃODOSMENDES,SALINAS,COLONIAL61,JARDINLÂNDIA,OLARIA,MURY,CASCATINHA,CÔNEGO"
225,"FAZENDACAXIAS, BOAESPERANCA, JARDIMACACIAS, DOM BOSCO, JARDIMMARACANA, CAMPOLINDO, SANTASOFIA, ECOLOGIA, SAO MIGUEL, CENTRO, PARQUEJACIMAR, VERA CRUZ, CANTO DORIO","FAZENDACAXIAS,BOAESPERANCA,JARDIMACACIAS,DOMBOSCO,JARDIMMARACANA,CAMPOLINDO,SANTASOFIA,ECOLOGIA,SAOMIGUEL,CENTRO,PARQUEJACIMAR,VERACRUZ,CANTODORIO"
229,"PRAÇA DABANDEIRA, RIOCOMPRIDO, ESTÁCIO, TIJUCA, MARACANÃ","PRAÇADABANDEIRA,RIOCOMPRIDO,ESTÁCIO,TIJUCA,MARACANÃ"
23,"GUADALUPE, DEODORO, MARECHALHERMES, BENTORIBEIRO, VILAMILITAR","GUADALUPE,DEODORO,MARECHALHERMES,BENTORIBEIRO,VILAMILITAR"
230,"VILAKENNEDY, CATIRI, JARDIMBANGU, BANGU","VILAKENNEDY,CATIRI,JARDIMBANGU,BANGU"
233,"REALENGO, PADREMIGUEL, BANGU","REALENGO,PADREMIGUEL,BANGU"
234,"REALENGO, MAGALHÃESBASTOS","REALENGO,MAGALHÃESBASTOS"
238,"BANGU, SENADORCAMARÁ, SANTÍSSIMO, AUGUSTOVASCONCELOS","BANGU,SENADORCAMARÁ,SANTÍSSIMO,AUGUSTOVASCONCELOS"
24,"BANGU, SENADORCAMARÁ, REALENGO, PADREMIGUEL","BANGU,SENADORCAMARÁ,REALENGO,PADREMIGUEL"
241,"COSMOS, PACIENCIA, SANTACRUZ","COSMOS,PACIENCIA,SANTACRUZ"
242,"CAMPOGRANDE, INHOAÍBA","CAMPOGRANDE,INHOAÍBA"
243,"PEDRA DEGUARATIBA, BARRA DEGUARATIBA, ILHA DEGUARATIBA, GUARATIBA","PEDRADEGUARATIBA,BARRADEGUARATIBA,ILHADEGUARATIBA,GUARATIBA"
245,"CAMPOGRANDE, INHOAÍBA","CAMPOGRANDE,INHOAÍBA"
246,"COSMOS, PACIENCIA, CAMPOGRANDE, INHOAÍBA, SANTACRUZ","COSMOS,PACIENCIA,CAMPOGRANDE,INHOAÍBA,SANTACRUZ"
25,"SANTACRUZ, SEPETIBA, PEDRA DEGUARATIBA, GUARATIBA, NOVASEPETIBA","SANTACRUZ,SEPETIBA,PEDRADEGUARATIBA,GUARATIBA,NOVASEPETIBA"
254,"AJUDA DEBAIXO, AROEIRAS, SÃO JOSÉDOBARRETO, FRONTEIRA, BARRA DEMACAÉ, PARQUEAEROPORTO, JARDIMSANTOANTONIO, ENGENHODA PRAIA, BALNEÁRIOLAGOMAR","AJUDADEBAIXO,AROEIRAS,SÃOJOSÉDOBARRETO,FRONTEIRA,BARRADEMACAÉ,PARQUEAEROPORTO,JARDIMSANTOANTONIO,ENGENHODAPRAIA,BALNEÁRIOLAGOMAR"
255,"CENTRO, UBAS, ALTOALEGRE, CAXIAS, BARRA DOFURADO, SANTACATARINA, PENHA, SITIOQUISSAMÃ, RODAGEM","CENTRO,UBAS,ALTOALEGRE,CAXIAS,BARRADOFURADO,SANTACATARINA,PENHA,SITIOQUISSAMÃ,RODAGEM"
256,"ANGELIM, PORTO DOCARRO, GAMBOA, JACARÉ, PERÓ, SÃOJACINTO, MONTEALEGRE, JARDIMESPERANÇA, JARDIMPERÓ, GURIRI, TANGARÁ, CAMPOSNOVOS, BOTAFOGO, UNAMAR, AQUÁRIOS, PACHECO, ARAÇÁ, FLORESTINHA, SAMBURÁ, MARIAJOAQUINA","ANGELIM,PORTODOCARRO,GAMBOA,JACARÉ,PERÓ,SÃOJACINTO,MONTEALEGRE,JARDIMESPERANÇA,JARDIMPERÓ,GURIRI,TANGARÁ,CAMPOSNOVOS,BOTAFOGO,UNAMAR,AQUÁRIOS,PACHECO,ARAÇÁ,FLORESTINHA,SAMBURÁ,MARIAJOAQUINA"
26,"CENTRO, VILAGE, DUASPEDRAS, CATARCIONE, YPU, CHACARADO PARAISO, VILA NOVA, VILA AMÉLIA, BRAUNES, SÃOGERALDO, VARGINHA, CORDOEIRA, JARDIMOUROPRETO, CORREGODANTAS, GRANJASPINELLI, TINGLY, NOVA SUIÇA, PONTE DASAUDADE","CENTRO,VILAGE,DUASPEDRAS,CATARCIONE,YPU,CHACARADOPARAISO,VILANOVA,VILAAMÉLIA,BRAUNES,SÃOGERALDO,VARGINHA,CORDOEIRA,JARDIMOUROPRETO,CORREGODANTAS,GRANJASPINELLI,TINGLY,NOVASUIÇA,PONTEDASAUDADE"
27,"CENTRO, BAIRRO DALUZ, FACULDADE, CALIFORNIA, SANTAEUGENIA, JUSCELINO, MOQUETA, K-11, JACUTINGA, VILA NOVA","CENTRO,BAIRRODALUZ,FACULDADE,CALIFORNIA,SANTAEUGENIA,JUSCELINO,MOQUETA,K-11,JACUTINGA,VILANOVA"
28,"CENTRO, LIMOEIRO, PALHAS, LIBERDADE, BARÃO DEANGRA, CARVALHAIS, VIEIRACORTEZ, VILASALUTÁRIS, JATOBÁ, SARDOAL, SERTÃO DOCALIXTO, INCONFIDÊNCIA, WERNECK, INEMA, QUEIMASANGUE, CAVARU, PARQUEMORONE, BELA VISTA, ELDORADO","CENTRO,LIMOEIRO,PALHAS,LIBERDADE,BARÃODEANGRA,CARVALHAIS,VIEIRACORTEZ,VILASALUTÁRIS,JATOBÁ,SARDOAL,SERTÃODOCALIXTO,INCONFIDÊNCIA,WERNECK,INEMA,QUEIMASANGUE,CAVARU,PARQUEMORONE,BELAVISTA,ELDORADO"
29,"ALTO DASERRA, CENTRO, MORIN, QUISSAMÃ, CHÁCARAFLORA, CAXAMBU, ESTRADADASAUDADE, CORONELVEIGA, MOINHOPRETO, CASTELANEA, SIMÉRIA, DUARTESILVEIRA, INDEPENDENCIA, QUITANDINHA, SÃOSEBASTIÃO, MOSELA, CAPELA, BINGEN, VALPARAISO, FAZENDAINGLESA","ALTODASERRA,CENTRO,MORIN,QUISSAMÃ,CHÁCARAFLORA,CAXAMBU,ESTRADADASAUDADE,CORONELVEIGA,MOINHOPRETO,CASTELANEA,SIMÉRIA,DUARTESILVEIRA,INDEPENDENCIA,QUITANDINHA,SÃOSEBASTIÃO,MOSELA,CAPELA,BINGEN,VALPARAISO,FAZENDAINGLESA"
30,"CENTRO, CASAAMARELA, SANTANÉSIA, ARROZAL, VARJÃO, JAQUEIRA, RIBEIRÃODAS LAJES, PONTE DASLARANJEIRAS, ROSAMACHADO, SERRA DOMATOSO, CACARIA, ACAMPAMENTO DALIGHT, PARQUEMAYRA, BNH, KM 09, SÃO JORGE, PALMEIRAS, CAIÇARA","CENTRO,CASAAMARELA,SANTANÉSIA,ARROZAL,VARJÃO,JAQUEIRA,RIBEIRÃODASLAJES,PONTEDASLARANJEIRAS,ROSAMACHADO,SERRADOMATOSO,CACARIA,ACAMPAMENTODALIGHT,PARQUEMAYRA,BNH,KM09,SÃOJORGE,PALMEIRAS,CAIÇARA"
31,"CENTRO, JARDIMJALISCO, MANEJO, LAVAPÉS, CIDADE DAALEGRIA, ALEGRIA, MORADA DACOLINA, CIDADEALEGRIA, SANTOAMARO, NOVALIBERDADE, SURUBI, ITAPUCA, TOYOTA I, NOVOSURUBI, VICENTINA, VILAJULIETA, MIRANTEDASAGULHAS, ALVORADA","CENTRO,JARDIMJALISCO,MANEJO,LAVAPÉS,CIDADEDAALEGRIA,ALEGRIA,MORADADACOLINA,CIDADEALEGRIA,SANTOAMARO,NOVALIBERDADE,SURUBI,ITAPUCA,TOYOTAI,NOVOSURUBI,VICENTINA,VILAJULIETA,MIRANTEDASAGULHAS,ALVORADA"
32,"BASÍLIO, BELA VISTA, BOQUEIRÃO, CENTRO, LAVRAS, MATA, PRAÇA B.LOPES, PRAÇACRUZEIRO, RIO DOOURO, PARQUEINDIANO, RIO SECO, VERTENTE, BOAESPERANÇA, NOVACIDADE, RIOVERMELHO","BASÍLIO,BELAVISTA,BOQUEIRÃO,CENTRO,LAVRAS,MATA,PRAÇAB.LOPES,PRAÇACRUZEIRO,RIODOOURO,PARQUEINDIANO,RIOSECO,VERTENTE,BOAESPERANÇA,NOVACIDADE,RIOVERMELHO"
34,"CENTRO, SAPAL, SAO FELIX, FERREIRA, BALTAZAR, SANTACRUZ, SAO PEDRO, MARANGATU, VERDESCAMPOS, MONTEALEGRE, CAMPELO, PARAOQUENA, IBITIGUACU, DEZESSETE, ARRAIALZINHO, BOA NOVA, GLORIA, SANTALUZIA, SAO LUIZ, SALGUEIRO, MANGUEIRAO","CENTRO,SAPAL,SAOFELIX,FERREIRA,BALTAZAR,SANTACRUZ,SAOPEDRO,MARANGATU,VERDESCAMPOS,MONTEALEGRE,CAMPELO,PARAOQUENA,IBITIGUACU,DEZESSETE,ARRAIALZINHO,BOANOVA,GLORIA,SANTALUZIA,SAOLUIZ,SALGUEIRO,MANGUEIRAO"
35,"BARÃO DEMACAÚBAS, CENTRO, ERNESTOMACHADO, VILA DOSCOROADOS, MONTESE, RECREIO, GRUMARIM, IPUCA, PENEDO, PUREZA, TABUA, SANTACATARINA, BARROBRANCO, COLÔNIA, ANGELIM, CAMBIASCA, LAJE, VALÃO DOSMILAGRES, BOAESPERANÇA, BARRA DOMACACO","BARÃODEMACAÚBAS,CENTRO,ERNESTOMACHADO,VILADOSCOROADOS,MONTESE,RECREIO,GRUMARIM,IPUCA,PENEDO,PUREZA,TABUA,SANTACATARINA,BARROBRANCO,COLÔNIA,ANGELIM,CAMBIASCA,LAJE,VALÃODOSMILAGRES,BOAESPERANÇA,BARRADOMACACO"
36,"CENTRO, BOAÇU, BRASILÂNDIA, MUTUA, PORTO DOROSA, FAZENDADOSMINEIROS, MUTUAPIRA, ITAOCA, ESTRELADO NORTE, NOVACIDADE, MUTUÁ","CENTRO,BOAÇU,BRASILÂNDIA,MUTUA,PORTODOROSA,FAZENDADOSMINEIROS,MUTUAPIRA,ITAOCA,ESTRELADONORTE,NOVACIDADE,MUTUÁ"
37,"ATAFONA, GRUSSAI, CENTRO, AGUAPRETA, MATOESCURO, ESTRADADA CORUJA, CAZUMBA, PALACETE, PIPEIRAS, BARCELOS, DEGREDO, CAMPO DEAREIA, ACU, CHATUBA, CAJUEIRO, CARRAPICHO","ATAFONA,GRUSSAI,CENTRO,AGUAPRETA,MATOESCURO,ESTRADADACORUJA,CAZUMBA,PALACETE,PIPEIRAS,BARCELOS,DEGREDO,CAMPODEAREIA,ACU,CHATUBA,CAJUEIRO,CARRAPICHO"
38,"AGRIÕES, BARRA DOIMBUÍ, ERMITAGE, PIMENTEIRAS, TIJUCA, VÁRZEA, PRATA, VILA MUQUI, JARDIMPINHEIROS, QUEBRAFRASCOS, CORTAVENTO, ALBUQUERQUE, CANOAS, GRANJAFLORESTAL, PARQUE DOIMBUÍ, POSSE, FONTESANTA, CALEME, FISCHER, FEO","AGRIÕES,BARRADOIMBUÍ,ERMITAGE,PIMENTEIRAS,TIJUCA,VÁRZEA,PRATA,VILAMUQUI,JARDIMPINHEIROS,QUEBRAFRASCOS,CORTAVENTO,ALBUQUERQUE,CANOAS,GRANJAFLORESTAL,PARQUEDOIMBUÍ,POSSE,FONTESANTA,CALEME,FISCHER,FEO"
4,"BOTAFOGO, HUMAITA, FLAMENGO, URCA","BOTAFOGO,HUMAITA,FLAMENGO,URCA"
40,"CANTAGALO, CENTRO, AFONSOARINOS, MONTSERRAT, FABRICA, FONSECAALMEIDA, MORRO DACTB, GULF, GROTAO, NOVANITERÓI","CANTAGALO,CENTRO,AFONSOARINOS,MONTSERRAT,FABRICA,FONSECAALMEIDA,MORRODACTB,GULF,GROTAO,NOVANITERÓI"
41,"CARVALHEIRA, CENTRO, CENTENÁRIO, RESIDÊNCIA, BARÃO DEVASSOURAS, DEMÉTRIORIBEIRO, ITAKAMOSI, ESQUINA DAALEGRIA, GRECCO, TINGUÁ, CANANÉIA, ANDRADEPINTO, ANDRADECOSTA, FERREIROS, PIRAUÍ, CAPIMD'ANGOLA, MASSAMBARÁ, IPIRANGA, POCINHOS, MADRUGA, MANCUSI, GLÓRIA","CARVALHEIRA,CENTRO,CENTENÁRIO,RESIDÊNCIA,BARÃODEVASSOURAS,DEMÉTRIORIBEIRO,ITAKAMOSI,ESQUINADAALEGRIA,GRECCO,TINGUÁ,CANANÉIA,ANDRADEPINTO,ANDRADECOSTA,FERREIROS,PIRAUÍ,CAPIMD'ANGOLA,MASSAMBARÁ,IPIRANGA,POCINHOS,MADRUGA,MANCUSI,GLÓRIA"
42,"CENTRO, SÃO MIGUEL, PONTEBERÇOT, SÃO JOSÉDORIBEIRÃO, BANQUETE, DISTRITO, CÓRREGODE SANTOANTONIO, BARRAALEGRE, RIBEIRÃODE SÃODOMINGOS, ALTO DESÃO JOSÉ, VELOSO, CAMPOBELO, BEM-TE-VIAMARELO, JARDIM BOAESPERANÇA, MONNERAT, VARGEMGRANDE, HOLOFOTE, FAZENDADO CAMPO","CENTRO,SÃOMIGUEL,PONTEBERÇOT,SÃOJOSÉDORIBEIRÃO,BANQUETE,DISTRITO,CÓRREGODESANTOANTONIO,BARRAALEGRE,RIBEIRÃODESÃODOMINGOS,ALTODESÃOJOSÉ,VELOSO,CAMPOBELO,BEM-TE-VIAMARELO,JARDIMBOAESPERANÇA,MONNERAT,VARGEMGRANDE,HOLOFOTE,FAZENDADOCAMPO"
43,"LIBERDADE, CENTRO, BALNEARIO, SINDICATO, VILA DAPRATA, OURANIA, QUERENDO, MORADA DOENGENHO","LIBERDADE,CENTRO,BALNEARIO,SINDICATO,VILADAPRATA,OURANIA,QUERENDO,MORADADOENGENHO"
45,"CENTRO, ILHA, PURILÂNDIA, SANTACLARA, CAETÉ, BATE-PAU, JOÃOFRANCISCOBRAZ, SANTOANTÔNIO, CRISTO REI","CENTRO,ILHA,PURILÂNDIA,SANTACLARA,CAETÉ,BATE-PAU,JOÃOFRANCISCOBRAZ,SANTOANTÔNIO,CRISTOREI"
48,"CENTRO, MARCO DACOSTA, PARQUEGUARARAPES, VERA CRUZ, ARCÁDIA, BARÃO DEJAVARI, CENTRO -GOV.PORTELA, RECREIO -GOV.PORTELA, ROSEIRAL -GOV.PORTELA, CONRADO, MANGUEIRAS, PAES LEME, LAGOA DASLONTRAS, VALE DASPRINCESAS, ARCOZELO, PEDRASRUIVAS, PALMARES, BELA VISTA, MARAVILHA, COQUEIROS, CAPIVARA, POAIA, CENTRO -AVELAR, GRANJACALIFÓRNIA- AVELAR, HORIZONTEAVELAR, VISTAALEGRE -AVELAR, GOIABAL, PANTANAL, FRANCISCOFRAGOSO","CENTRO,MARCODACOSTA,PARQUEGUARARAPES,VERACRUZ,ARCÁDIA,BARÃODEJAVARI,CENTRO-GOV.PORTELA,RECREIO-GOV.PORTELA,ROSEIRAL-GOV.PORTELA,CONRADO,MANGUEIRAS,PAESLEME,LAGOADASLONTRAS,VALEDASPRINCESAS,ARCOZELO,PEDRASRUIVAS,PALMARES,BELAVISTA,MARAVILHA,COQUEIROS,CAPIVARA,POAIA,CENTRO-AVELAR,GRANJACALIFÓRNIA-AVELAR,HORIZONTEAVELAR,VISTAALEGRE-AVELAR,GOIABAL,PANTANAL,FRANCISCOFRAGOSO"
49,"BOCA DOMATO, CAMPO DOPRADO, CENTRO, GANGURIDE BAIXO, PARQUESANTALUIZA, FARAO DECIMA, FUNCHAL, JAPUIBA, MARUBAI, PAPUCAIA, PARQUERIBEIRA, GUAPIACU, AREAL, SAO JOSEDA BOAMORTE, VECCHI, QUIZANGA, AGROBRASIL, MATUMBO, CASTALIA, MARAPORA, SAOFRANCISCODE ASSIS, BOA VISTA, SETENTA, BOA SORTE, VILA AGROBONANZA","BOCADOMATO,CAMPODOPRADO,CENTRO,GANGURIDEBAIXO,PARQUESANTALUIZA,FARAODECIMA,FUNCHAL,JAPUIBA,MARUBAI,PAPUCAIA,PARQUERIBEIRA,GUAPIACU,AREAL,SAOJOSEDABOAMORTE,VECCHI,QUIZANGA,AGROBRASIL,MATUMBO,CASTALIA,MARAPORA,SAOFRANCISCODEASSIS,BOAVISTA,SETENTA,BOASORTE,VILAAGROBONANZA"
5,"COPACABANA, LEME","COPACABANA,LEME"
50,"MATARUNA, CENTRO, PROFESSOR SOUZA, QUILOMBO, BARRA DESAO JOAO, RIODOURADO, BOAESPERANCA, BAIRROINDUSTRIAL, PALMITAL, JARDIMAPARECIDA, PEIXEDOURADO II, ZONARURAL","MATARUNA,CENTRO,PROFESSORSOUZA,QUILOMBO,BARRADESAOJOAO,RIODOURADO,BOAESPERANCA,BAIRROINDUSTRIAL,PALMITAL,JARDIMAPARECIDA,PEIXEDOURADOII,ZONARURAL"
51,"CENTRO, BOCAINA, GARAPA, VILA NOVA, MACABUZINHO, PORTO, PITEIRA, RHÓDIA, FEEM, VILA SÃOJOSÉ, VILATAVARES, CURATO DESANTACATARINA, USINA, CAPELINHA, BALANCÉ, CALÇADINHA, VISCONDEDE IMBÉ, BARRA DOSPASSOS, MONTECAFÉ, TAPERA, SODRELÂNDIA, MARIAMENDONÇA, LAGOINHA, SERRA DASALMAS, PONTENOVA, PONTE DEZINCO","CENTRO,BOCAINA,GARAPA,VILANOVA,MACABUZINHO,PORTO,PITEIRA,RHÓDIA,FEEM,VILASÃOJOSÉ,VILATAVARES,CURATODESANTACATARINA,USINA,CAPELINHA,BALANCÉ,CALÇADINHA,VISCONDEDEIMBÉ,BARRADOSPASSOS,MONTECAFÉ,TAPERA,SODRELÂNDIA,MARIAMENDONÇA,LAGOINHA,SERRADASALMAS,PONTENOVA,PONTEDEZINCO"
52,"CENTRO, SANTOANTONIO, RODOLFOGONÇALVES, IPERJ, LAVRINHAS, RETIROPOÉTICO, MANANCIAL, RETA, DOIS VALOS, JARDIM DEALAH, BARREIRA, SÃOMANOEL, VOLTA DOUMBIGO","CENTRO,SANTOANTONIO,RODOLFOGONÇALVES,IPERJ,LAVRINHAS,RETIROPOÉTICO,MANANCIAL,RETA,DOISVALOS,JARDIMDEALAH,BARREIRA,SÃOMANOEL,VOLTADOUMBIGO"
54,"CENTRO, PRAIA DOSACO, SERRA DOPILOTO, IBICUI, CONCEICAODE JACAREI, ITACURUÇÁ, MURIQUI, PRAIAGRANDE, JUNQUEIRA","CENTRO,PRAIADOSACO,SERRADOPILOTO,IBICUI,CONCEICAODEJACAREI,ITACURUÇÁ,MURIQUI,PRAIAGRANDE,JUNQUEIRA"
55,"CENTRO, FLAMENGO, BARRA DEMARICÁ, ITAPEBA, MANOELRIBEIRO, PONTANEGRA, BANANAL, UBATIBA, ESPRAIADO, CORDEIRINHO, LAGARTO, GUARATIBA, INOÃ, SÃO JOSÉDOIMBASSAÍ, SPAR, RECANTODEITAIPUAÇU, JARDIMATLÂNTICOCENTRAL, JARDIMATLÂNTICO, ITAOCAIAVALLEY, PONTAGROSSA, MARQUÊSDE MARICÁ, MUMBUCA, BARROCO, CASSOROTIBA","CENTRO,FLAMENGO,BARRADEMARICÁ,ITAPEBA,MANOELRIBEIRO,PONTANEGRA,BANANAL,UBATIBA,ESPRAIADO,CORDEIRINHO,LAGARTO,GUARATIBA,INOÃ,SÃOJOSÉDOIMBASSAÍ,SPAR,RECANTODEITAIPUAÇU,JARDIMATLÂNTICOCENTRAL,JARDIMATLÂNTICO,ITAOCAIAVALLEY,PONTAGROSSA,MARQUÊSDEMARICÁ,MUMBUCA,BARROCO,CASSOROTIBA"
56,"FIM DOPONTO, CENTRO, MORSING, HUMBERTOANTUNES, MARTINSCOSTA, CINCOLAGOS, VILAMARIANA","FIMDOPONTO,CENTRO,MORSING,HUMBERTOANTUNES,MARTINSCOSTA,CINCOLAGOS,VILAMARIANA"
57,"CENTRO, PORTÃO DEFERRO II, PORTÃO DEFERRO III, PARQUE DAMANGUEIRA, PONTEBRANCA, GRAÚNA, CORISCO, PRAIAGRANDE, PENHA, CENTROHISTÓRICO, CAMPINHO, MAMANGUÁ, PARATY-MIRIM, PATRIMÔNIO, TRINDADE, MAMBUCABA, TARITUBA, TAQUARI, FÁTIMA, ILHA DASCOBRAS, BARRAGRANDE, LARANJEIRAS, CAJAÍBA, PARQUEIMPERIAL, PANTANAL, SÃO ROQUE, PATITIBA, VILA DOMPEDRO, PONTAGROSSA","CENTRO,PORTÃODEFERROII,PORTÃODEFERROIII,PARQUEDAMANGUEIRA,PONTEBRANCA,GRAÚNA,CORISCO,PRAIAGRANDE,PENHA,CENTROHISTÓRICO,CAMPINHO,MAMANGUÁ,PARATY-MIRIM,PATRIMÔNIO,TRINDADE,MAMBUCABA,TARITUBA,TAQUARI,FÁTIMA,ILHADASCOBRAS,BARRAGRANDE,LARANJEIRAS,CAJAÍBA,PARQUEIMPERIAL,PANTANAL,SÃOROQUE,PATITIBA,VILADOMPEDRO,PONTAGROSSA"
59,"BAIXOGRANDE, CAMPOREDONDO, SÃO JOÃO, PONTA DOAMBRÓSIO, PORTO DAALDEIA, PORTO DOCARRO, NOVA SÃOPEDRO, ESTAÇÃO, SÃO JOSÉ, CENTRO, BOQUEIRÃO, POÇOFUNDO, ALECRIM, TRÊSVENDAS, JARDIMSOLEDADE, CRUZ, BALNEÁRIOSÃO PEDRO, RUA DOFOGO, RETIRO, PARQUEARRUDA, BALEIA, PRAIA LINDA, VINHATEIRO, SÃOMATEUS, SAPEATIBAMIRIM, BOTAFOGO, BALNEÁRIODASCONCHAS, RECANTODO SOL, MOSSORÓ","BAIXOGRANDE,CAMPOREDONDO,SÃOJOÃO,PONTADOAMBRÓSIO,PORTODAALDEIA,PORTODOCARRO,NOVASÃOPEDRO,ESTAÇÃO,SÃOJOSÉ,CENTRO,BOQUEIRÃO,POÇOFUNDO,ALECRIM,TRÊSVENDAS,JARDIMSOLEDADE,CRUZ,BALNEÁRIOSÃOPEDRO,RUADOFOGO,RETIRO,PARQUEARRUDA,BALEIA,PRAIALINDA,VINHATEIRO,SÃOMATEUS,SAPEATIBAMIRIM,BOTAFOGO,BALNEÁRIODASCONCHAS,RECANTODOSOL,MOSSORÓ"
60,"CENTRO, VALAO DOBARRO, IPITUNA, ZONARURAL -TERCEIRODISTRITO, GUARANI-ZONARURAL-3oDISTRITO, ZONARURAL -SEGUNDODISTRITO, IBIPEBA, MINGUTA -ZONARURAL - 2oDISTRITO, RIBEIRÃOSANTÍSSIMO, TRIUNFO, AGULHADOS LEAIS, SANTOANTÔNIODO IMBÉ, ALTO IMBÉ, MANOEL DEMORAES, RENASCENÇA, SOSSÊGO, OSÓRIOBERSOT, PARQUEITAPORANGA, BRINCO, VILASAMPAIO","CENTRO,VALAODOBARRO,IPITUNA,ZONARURAL-TERCEIRODISTRITO,GUARANI-ZONARURAL-3oDISTRITO,ZONARURAL-SEGUNDODISTRITO,IBIPEBA,MINGUTA-ZONARURAL-2oDISTRITO,RIBEIRÃOSANTÍSSIMO,TRIUNFO,AGULHADOSLEAIS,SANTOANTÔNIODOIMBÉ,ALTOIMBÉ,MANOELDEMORAES,RENASCENÇA,SOSSÊGO,OSÓRIOBERSOT,PARQUEITAPORANGA,BRINCO,VILASAMPAIO"
61,"SAPUCAIA 1oDISTRITO, ANTA 2oDISTRITO, APARECIDA3o DISTRITO, JAMAPARÁ4o DISTRITO, PIÃO 5oDISTRITO","SAPUCAIA1oDISTRITO,ANTA2oDISTRITO,APARECIDA3oDISTRITO,JAMAPARÁ4oDISTRITO,PIÃO5oDISTRITO"
62,"BACAXÁ, BICUIBA, BONSUCESSO, MADRESSILVA, RIO MOLE, RIO DEAREIA, PALMITAL, ALVORADA, CENTRO, SAMPAIOCORREA, JACONÉ, JARDIMIPITANGAS, BOQUEIRÃO, ÁGUABRANCA, MOMBAÇA, BARRANOVA, VILATUR, PORTO DAROÇA, GRAVATÁ, ITAÚNA, BAIRROJARDIM","BACAXÁ,BICUIBA,BONSUCESSO,MADRESSILVA,RIOMOLE,RIODEAREIA,PALMITAL,ALVORADA,CENTRO,SAMPAIOCORREA,JACONÉ,JARDIMIPITANGAS,BOQUEIRÃO,ÁGUABRANCA,MOMBAÇA,BARRANOVA,VILATUR,PORTODAROÇA,GRAVATÁ,ITAÚNA,BAIRROJARDIM"
63,"CENTRO, BOQUEIRÃO, CESÁRIOALVIM, IMBAÚ, ALDEIAVELHA, GAVIÕES, BANANEIRAS, CAJU, CAXITO, CIDADENOVA","CENTRO,BOQUEIRÃO,CESÁRIOALVIM,IMBAÚ,ALDEIAVELHA,GAVIÕES,BANANEIRAS,CAJU,CAXITO,CIDADENOVA"
64,"CENTRO, BENFICA, CAMPINAS, CAMPOLEAL, DONAMARIANA, MURINELI, SANTOANDRÉ, SOLEDADEII, SOLEDADE I, DUAS IRMÃS, ASA NORTE, VENDA DAPONTE, VALE DOSPINHEIROS, SÃOLOURENÇO","CENTRO,BENFICA,CAMPINAS,CAMPOLEAL,DONAMARIANA,MURINELI,SANTOANDRÉ,SOLEDADEII,SOLEDADEI,DUASIRMÃS,ASANORTE,VENDADAPONTE,VALEDOSPINHEIROS,SÃOLOURENÇO"
65,"CENTRO, RETIRO, ITAMARATI, CASCATINHA, ESTRADADASAUDADE, CARANGOLA, CORREAS, NOGUEIRA, ROSEIRAL, JARDIMSALVADOR, QUARTEIRAOBRASILEIRO, SAMAMBAIA, ARARAS, PEDRO DORIO, POSSE, ITAIPAVA, CUIABA, MALTA","CENTRO,RETIRO,ITAMARATI,CASCATINHA,ESTRADADASAUDADE,CARANGOLA,CORREAS,NOGUEIRA,ROSEIRAL,JARDIMSALVADOR,QUARTEIRAOBRASILEIRO,SAMAMBAIA,ARARAS,PEDRODORIO,POSSE,ITAIPAVA,CUIABA,MALTA"
68,"ZE GAROTO, PATRONATO, BRASILÂNDIA, PORTONOVO, GRADIM, PARAISO, PORTOVELHO, PORTO DAMADAMA","ZEGAROTO,PATRONATO,BRASILÂNDIA,PORTONOVO,GRADIM,PARAISO,PORTOVELHO,PORTODAMADAMA"
69,"COELHO, MARIAPAULA, ARSENAL, RIO DOOURO, ALMERINDA, TRIBOBO, JOCKEYCLUB, IPIIBA, ANAIAPEQUENO, COLUBANDE, ENGENHODO ROCADO","COELHO,MARIAPAULA,ARSENAL,RIODOOURO,ALMERINDA,TRIBOBO,JOCKEYCLUB,IPIIBA,ANAIAPEQUENO,COLUBANDE,ENGENHODOROCADO"
7,TIJUCA,TIJUCA
70,"CENTRO, CASCATA, LAGES, BNH, RAMALHO","CENTRO,CASCATA,LAGES,BNH,RAMALHO"
71,"SANTAROSA, ICARAÍ, VITALBRASIL, CENTRO, SÃODOMINGOS, INGÁ, ILHA DACONCEIÇÃO, PONTAD'AREIA, FÁTIMA","SANTAROSA,ICARAÍ,VITALBRASIL,CENTRO,SÃODOMINGOS,INGÁ,ILHADACONCEIÇÃO,PONTAD'AREIA,FÁTIMA"
72,"CARAMUJO, BADU, LARGO DABATALHA, SANTABARBARA, ITITIOCA, CANTAGALO, SAPÊ, SÃOFRANCISCO, ICARAÍ, JURUJUBA","CARAMUJO,BADU,LARGODABATALHA,SANTABARBARA,ITITIOCA,CANTAGALO,SAPÊ,SÃOFRANCISCO,ICARAÍ,JURUJUBA"
74,"CENTRO, SACRAFAMILIA DOTINGUA, MORROAZUL, PALMEIRADA SERRA, PALMAS, AGUADA, GRAMINHA","CENTRO,SACRAFAMILIADOTINGUA,MORROAZUL,PALMEIRADASERRA,PALMAS,AGUADA,GRAMINHA"
75,"GOITACAZES, MARTINSLAGE, FAZENDINHA, MINEIROS, CAMPOLIMPO, DONANA, SANTOAMARO 3DISTRITO, SAOMARTINHO, CORRENTEZA, CABOIO, BAIXAGRANDE, RETIRO, MARCELO, ALTO DAAREIA, FAROL DESAO TOME, BOA VISTA, PONTO DECOQUEIROS, SAOSEBASTIAO, SATURNINOBRAGA, ESPINHO, POCOGORDO, VENDANOVA, CAMPONOVO, BEIRA DOTAI, B. DOJACARE, ALTO DOELIZEU, MUSSUREPE, SAO BENTO, BABOSA, MARRECAS, LARGO DOGARCIA, RIO DOCOLEGIO, COQUEIRODE TOCOS, TOCOS, PONTAGROSSA, GOIABA, IPS, PARQUEBELA VISTA, PARQUEPENHA, CENTRO, PARQUETURF CLUB, PARQUEAURORA, PARQUETROPICAL, PARQUEROSÁRIO, NOVOJOCKEY","GOITACAZES,MARTINSLAGE,FAZENDINHA,MINEIROS,CAMPOLIMPO,DONANA,SANTOAMARO3DISTRITO,SAOMARTINHO,CORRENTEZA,CABOIO,BAIXAGRANDE,RETIRO,MARCELO,ALTODAAREIA,FAROLDESAOTOME,BOAVISTA,PONTODECOQUEIROS,SAOSEBASTIAO,SATURNINOBRAGA,ESPINHO,POCOGORDO,VENDANOVA,CAMPONOVO,BEIRADOTAI,B.DOJACARE,ALTODOELIZEU,MUSSUREPE,SAOBENTO,BABOSA,MARRECAS,LARGODOGARCIA,RIODOCOLEGIO,COQUEIRODETOCOS,TOCOS,PONTAGROSSA,GOIABA,IPS,PARQUEBELAVISTA,PARQUEPENHA,CENTRO,PARQUETURFCLUB,PARQUEAURORA,PARQUETROPICAL,PARQUEROSÁRIO,NOVOJOCKEY"
76,"JARDIMCARIOCA, PARQUEELDORADO, PARQUENOVOMUNDO, PARQUESANTAROSA, CUSTODOPOLIS, PARQUESAO JORGE, PARQUEPRAZERES, PARQUEALVORADA, CALABOUCO, PARQUECALABOUCO, PARQUECODIN, KM 13 7oDISTRITO, MORRO DOCOCO 12DISTRITO, JARDIMAEROPORTO, TRAVESSÃO7 DISTRITO, SANTAMARIA 18DISTRITO, KM 08 - 7oDISTRITO, PALMARES18oDISTRITO, PARQUESANTA ANA, CHAVE DEPARAISO 20DISTRITO, SÃO LUIZ DEMUTUCA 12oDISTRITO, VILA NOVA20 DISTRITO, SANTABÁRBARA18oDISTRITO, ESPIRITOSANTINHO13oDISTRITO, SANTOEDUARDO13 DISTRITO, BREJOGRANDE 7oDISTRITO, AREIABRANCA 12oDISTRITO, MURUNDU13oDISTRITO, SESMARIA12oDISTRITO, BALANÇARANGEL 7oDISTRITO, GUANDU 7oDISTRITO, MATA DACRUZ 18oDISTRITO, RIBEIRO DOAMARO 7oDISTRITO, PARQUENOVACANAÃ 7oDISTRITO, CONSELHEIRO JOSINO20 DISTRITO","JARDIMCARIOCA,PARQUEELDORADO,PARQUENOVOMUNDO,PARQUESANTAROSA,CUSTODOPOLIS,PARQUESAOJORGE,PARQUEPRAZERES,PARQUEALVORADA,CALABOUCO,PARQUECALABOUCO,PARQUECODIN,KM137oDISTRITO,MORRODOCOCO12DISTRITO,JARDIMAEROPORTO,TRAVESSÃO7DISTRITO,SANTAMARIA18DISTRITO,KM08-7oDISTRITO,PALMARES18oDISTRITO,PARQUESANTAANA,CHAVEDEPARAISO20DISTRITO,SÃOLUIZDEMUTUCA12oDISTRITO,VILANOVA20DISTRITO,SANTABÁRBARA18oDISTRITO,ESPIRITOSANTINHO13oDISTRITO,SANTOEDUARDO13DISTRITO,BREJOGRANDE7oDISTRITO,AREIABRANCA12oDISTRITO,MURUNDU13oDISTRITO,SESMARIA12oDISTRITO,BALANÇARANGEL7oDISTRITO,GUANDU7oDISTRITO,MATADACRUZ18oDISTRITO,RIBEIRODOAMARO7oDISTRITO,PARQUENOVACANAÃ7oDISTRITO,CONSELHEIROJOSINO20DISTRITO"
78,"COPACABANA, DOUTORLAUREANO, CAROLINA, JARDIMGRAMACHO, SARAPUÍ, VILA SÃOLUIS, JARDIMOLAVOBILAC, GRAMACHO, JARDIMLEAL, BANANAL","COPACABANA,DOUTORLAUREANO,CAROLINA,JARDIMGRAMACHO,SARAPUÍ,VILASÃOLUIS,JARDIMOLAVOBILAC,GRAMACHO,JARDIMLEAL,BANANAL"
79,"CIDADE DOSMENINOS, PILAR, SÃO BENTO, PARQUEFLUMINENSE, PANTANAL, PARQUEMUISA, AMAPÁ, PARQUECOMERCIAL, VILAROSARIO","CIDADEDOSMENINOS,PILAR,SÃOBENTO,PARQUEFLUMINENSE,PANTANAL,PARQUEMUISA,AMAPÁ,PARQUECOMERCIAL,VILAROSARIO"
8,"ENGENHONOVO, RIACHUELO, JACARÉ, MARIA DAGRAÇA, ROCHA, CACHAMBI, MEIER, DELCASTILHO","ENGENHONOVO,RIACHUELO,JACARÉ,MARIADAGRAÇA,ROCHA,CACHAMBI,MEIER,DELCASTILHO"
83,"SANTOELIAS, BANCO DEAREIA, COSMORAMA, VILA EMIL, ROCHASOBRINHO, PARQUESENADOR, CENTRO, JACUTINGA, PRESIDENTEJUSCELINO","SANTOELIAS,BANCODEAREIA,COSMORAMA,VILAEMIL,ROCHASOBRINHO,PARQUESENADOR,CENTRO,JACUTINGA,PRESIDENTEJUSCELINO"
84,"CABUÇU, JARDIMGUANDU, PRADOSVERDES, MARAPICU, BOM JESUS, KM 32 -CEDAE, JARDIMALVORADA, KM 32, PALHADA, LAGOINHA, ALIANÇA, VALVERDE, JARDIMPALMARES, TODOS OSSANTOS, PARQUESAOFRANCISCO, JARDIMLARANJEIRAS, PARAISO, MANGUEIRA, JARDIMNOVA ERA, CAMPOALEGRE","CABUÇU,JARDIMGUANDU,PRADOSVERDES,MARAPICU,BOMJESUS,KM32-CEDAE,JARDIMALVORADA,KM32,PALHADA,LAGOINHA,ALIANÇA,VALVERDE,JARDIMPALMARES,TODOSOSSANTOS,PARQUESAOFRANCISCO,JARDIMLARANJEIRAS,PARAISO,MANGUEIRA,JARDIMNOVAERA,CAMPOALEGRE"
87,"BARROVERMELHO, VILA LAGE, ENGENHOPEQUENO, LINDOPARQUE, PONTEPARAGUAI, SANTACATARINA, ZE GAROTO, VENDA DACRUZ, NOVA ROMA, PAIVA, NEVES, COVANCA","BARROVERMELHO,VILALAGE,ENGENHOPEQUENO,LINDOPARQUE,PONTEPARAGUAI,SANTACATARINA,ZEGAROTO,VENDADACRUZ,NOVAROMA,PAIVA,NEVES,COVANCA"
88,"TOMAZINHO, SÃOMATEUS, VILA UNIAO, EDEN, VILA NORMA","TOMAZINHO,SÃOMATEUS,VILAUNIAO,EDEN,VILANORMA"
89,"VILAR DOSTELES, VILA SÃOJOÃO, JARDIMMERITI, JARDIMSANTAROSA, JARDIM ÍRIS, VILAANDORINHAS","VILARDOSTELES,VILASÃOJOÃO,JARDIMMERITI,JARDIMSANTAROSA,JARDIMÍRIS,VILAANDORINHAS"
9,"BARRA DATIJUCA, CAMORIM, VARGEMGRANDE, VARGEMPEQUENA, RECREIO","BARRADATIJUCA,CAMORIM,VARGEMGRANDE,VARGEMPEQUENA,RECREIO"
90,"AEROCLUBE, VOLDAC, VILABRASÍLIA, NITERÓI, SÃO LUÍS, VILA MURY, RETIRO, SANTA RITADO ZARUR, DOM BOSCO, COQUEIROS, SANTACRUZ, SÃOSEBASTIÃO, VERDEVALE, CANDELÁRIA, JARDIMBELMONTE, BELMONTE, ACUDE II, SIDERLANDIA, SANTA RITADE CASSIA, ACUDE, PADREJOSIMO","AEROCLUBE,VOLDAC,VILABRASÍLIA,NITERÓI,SÃOLUÍS,VILAMURY,RETIRO,SANTARITADOZARUR,DOMBOSCO,COQUEIROS,SANTACRUZ,SÃOSEBASTIÃO,VERDEVALE,CANDELÁRIA,JARDIMBELMONTE,BELMONTE,ACUDEII,SIDERLANDIA,SANTARITADECASSIA,ACUDE,PADREJOSIMO"
91,"ANO BOM, VILAORLANDÉLIA, SÃOFRANCISCODE ASSIS, GETÚLIOVARGAS, VILACORINGA, ANTÔNIOROCHA, VISTAALEGRE, LOTEAMENTO SOFIA, VILA NOVA, FLORIANO, RIALTO, LOTEAMENTO BELOHORIZONTE, SANTACLARA, AMPARO, SÃO PEDRO, ESTAMPARIA, VILAPRINCIPAL, PARAÍSO, BOA VISTAIII, VILABARBARÁ, ROSELÂNDIA, NOVE DEABRIL, CAJUEIRO, BOA VISTA II, PITEIRAS, BOA SORTE, SÃO LUIZ, NOVAESPERANÇA","ANOBOM,VILAORLANDÉLIA,SÃOFRANCISCODEASSIS,GETÚLIOVARGAS,VILACORINGA,ANTÔNIOROCHA,VISTAALEGRE,LOTEAMENTOSOFIA,VILANOVA,FLORIANO,RIALTO,LOTEAMENTOBELOHORIZONTE,SANTACLARA,AMPARO,SÃOPEDRO,ESTAMPARIA,VILAPRINCIPAL,PARAÍSO,BOAVISTAIII,VILABARBARÁ,ROSELÂNDIA,NOVEDEABRIL,CAJUEIRO,BOAVISTAII,PITEIRAS,BOASORTE,SÃOLUIZ,NOVAESPERANÇA"
92,"PRAIA SECA, BANANEIRAS, PARQUEMATARUNA, VILA CAPRI, CENTRO, XV DENOVEMBRO, FAZENDINHA, PONTE DOSLEITES, BOA PERNA, ITATIQUARA, EDUCANDÁRIO, PARATY, BOA VISTA, IGUABINHA, REGAMÉ, HOSPÍCIO, ENGENHOGRANDE, ENGENHONOVO, PRODÍGIO, MORROGRANDE, AURORA, PARACATU, SÃOVICENTE, SOBRADINHO, JUTURNAÍBA, MONTEIRO, POSSE, MUTIRÃO, SOUBARA, CLUBE DOSENGENHEIROS, TRÊSVENDAS, OUTEIRO","PRAIASECA,BANANEIRAS,PARQUEMATARUNA,VILACAPRI,CENTRO,XVDENOVEMBRO,FAZENDINHA,PONTEDOSLEITES,BOAPERNA,ITATIQUARA,EDUCANDÁRIO,PARATY,BOAVISTA,IGUABINHA,REGAMÉ,HOSPÍCIO,ENGENHOGRANDE,ENGENHONOVO,PRODÍGIO,MORROGRANDE,AURORA,PARACATU,SÃOVICENTE,SOBRADINHO,JUTURNAÍBA,MONTEIRO,POSSE,MUTIRÃO,SOUBARA,CLUBEDOSENGENHEIROS,TRÊSVENDAS,OUTEIRO"
93,"CENTRO, MATADOURO, SANTANA, CALIFÓRNIA, PONTEVERMELHA, IPIABAS, DORÂNDIA, ROSEIRA, SÃO JOSÉDO TURVO, VARGEMALEGRE, OFICINASVELHAS, SANTANADE BARRA, PARQUESANTANA, BOCA DOMATO, CARVAO, QUIMICA, MORRO DOGAMA, AREAL, MARACANA, ARTHURCATALDI, PARQUESAOJOAQUIM, CANTAO, BELVEDERE","CENTRO,MATADOURO,SANTANA,CALIFÓRNIA,PONTEVERMELHA,IPIABAS,DORÂNDIA,ROSEIRA,SÃOJOSÉDOTURVO,VARGEMALEGRE,OFICINASVELHAS,SANTANADEBARRA,PARQUESANTANA,BOCADOMATO,CARVAO,QUIMICA,MORRODOGAMA,AREAL,MARACANA,ARTHURCATALDI,PARQUESAOJOAQUIM,CANTAO,BELVEDERE"
94,"CENTRO, ROBERTOSILVEIRA, BOCAININHA, SAUDADE, COLÔNIASANTOANTÔNIO, JARDIMAMÉRICA, MONTECRISTO, COTIARA, SÃOSILVESTRE, VILAINDEPENDÊNCIA, BOMPASTOR, VILA MARIA, VILAURSULINO, KM - 4, SÃOVICENTE","CENTRO,ROBERTOSILVEIRA,BOCAININHA,SAUDADE,COLÔNIASANTOANTÔNIO,JARDIMAMÉRICA,MONTECRISTO,COTIARA,SÃOSILVESTRE,VILAINDEPENDÊNCIA,BOMPASTOR,VILAMARIA,VILAURSULINO,KM-4,SÃOVICENTE"
95,"CENTRO, BAIRRONOVO, CALHEIROS2 DIST, ROSAL - 3DIST, SERRINHA -6 DIST, CARABUÇU -4 DIST, PIRAPETINGA - 5 DIST, MUTUM DECIMA - 4DIST, BARRA DOPIRAP. - 7DIST, BOMJARDIM - 1DIST, USINA STAISABEL - 1DIST, ARRAIALNOVO - 2DIST, ASABRANCA, PIMENTELMARQUES, SANTAROSA, SANTATERESINHA, USINA STAMARIA - 8DIST, LIA MÁRCIA","CENTRO,BAIRRONOVO,CALHEIROS2DIST,ROSAL-3DIST,SERRINHA-6DIST,CARABUÇU-4DIST,PIRAPETINGA-5DIST,MUTUMDECIMA-4DIST,BARRADOPIRAP.-7DIST,BOMJARDIM-1DIST,USINASTAISABEL-1DIST,ARRAIALNOVO-2DIST,ASABRANCA,PIMENTELMARQUES,SANTAROSA,SANTATERESINHA,USINASTAMARIA-8DIST,LIAMÁRCIA"
96,"CENTRO, PASSAGEM, MARLIM, PORTINHO, JARDIMFLAMBOYANT, PARQUEBURLE, PRAIA DOSIQUEIRA, JARDIMCAIÇARA, VILA NOVA, BRAGA, SÃOCRISTÓVÃO, CÉLULAMÁTER, MANOELCORRÊA, GUARANI","CENTRO,PASSAGEM,MARLIM,PORTINHO,JARDIMFLAMBOYANT,PARQUEBURLE,PRAIADOSIQUEIRA,JARDIMCAIÇARA,VILANOVA,BRAGA,SÃOCRISTÓVÃO,CÉLULAMÁTER,MANOELCORRÊA,GUARANI"
97,"CENTRO, MONTEVERDE, SÃO JOÃODO PARAÍSO, FUNIL, TRESIRMAOS, CRUZEIRO","CENTRO,MONTEVERDE,SÃOJOÃODOPARAÍSO,FUNIL,TRESIRMAOS,CRUZEIRO"
98,"CENTRO, CAJU, PARQUESAOCAETANO, PARQUENOVABRASÍLIA, PARQUEESPLANADA, PARQUELEOPOLDINA, PARQUETAMANDARÉ, PECUÁRIA, PARQUERODOVIÁRIO, PARQUEJULIÃONOGUEIRA, LAPA, PARQUEJOQUEICLUB, HORTO, TURF CLUB, PQCALIFORNIA","CENTRO,CAJU,PARQUESAOCAETANO,PARQUENOVABRASÍLIA,PARQUEESPLANADA,PARQUELEOPOLDINA,PARQUETAMANDARÉ,PECUÁRIA,PARQUERODOVIÁRIO,PARQUEJULIÃONOGUEIRA,LAPA,PARQUEJOQUEICLUB,HORTO,TURFCLUB,PQCALIFORNIA"
